time_s,acc_x,acc_y,acc_z,roll_deg,pitch_deg,yaw_deg,altitude_m,pressure_hpa,temperature_C
0.0,-0.24,-0.04,9.81,-1.14,1.65,8.15,600,943.68,19.32
0.02,0.21,0.09,9.81,2.79,0.46,-3.62,600,943.68,20.61
0.04,-0.22,-0.03,9.81,1.69,-0.68,3.13,600,943.68,20.15
0.06,-0.06,0.12,9.81,-0.19,2.13,-6.88,600,943.68,19.32
0.08,-0.0,0.28,9.81,2.23,-0.04,0.42,600,943.68,19.97
0.1,-0.09,0.07,9.81,1.1,2.39,-0.34,600,943.68,19.74
0.12,0.1,-0.28,9.81,0.55,1.03,0.63,600,943.68,19.33
0.14,0.36,0.08,9.81,-1.23,-2.42,5.58,600,943.68,20.05
0.16,-0.2,-0.2,9.81,3.15,-0.64,4.3,600,943.68,20.23
0.18,-0.07,-0.3,9.81,1.5,4.06,8.73,600,943.68,19.64
0.2,0.05,0.01,9.81,1.45,-1.29,6.08,600,943.68,19.54
0.22,-0.05,-0.09,9.81,-3.01,0.12,6.97,600,943.68,19.71
0.24,-0.02,-0.21,9.81,0.55,2.43,4.59,600,943.68,19.56
0.26,0.37,0.04,9.81,1.13,2.08,-3.01,600,943.68,20.54
0.28,0.12,-0.09,9.81,1.97,1.62,5.8,600,943.68,19.69
0.3,-0.22,-0.13,9.81,-3.13,-2.1,2.74,600,943.68,20.83
0.32,0.12,-0.32,9.81,3.16,0.23,4.5,600,943.68,19.51
0.34,0.23,0.17,9.81,2.59,-0.14,-5.12,600,943.68,19.59
0.36,0.0,0.06,9.81,1.91,0.01,6.66,600,943.68,20.1
0.38,0.11,0.05,9.81,-0.76,-0.71,-6.9,600,943.68,19.28
0.4,0.46,-0.03,9.81,-0.58,2.52,6.02,600,943.68,19.95
0.42,0.17,0.06,9.81,0.29,-0.24,10.47,600,943.68,19.78
0.44,-0.38,0.22,9.81,-0.73,-0.78,-3.46,600,943.68,20.19
0.46,-0.11,0.35,9.81,-1.05,-0.21,4.29,600,943.68,20.14
0.48,-0.04,0.1,9.81,-1.88,1.52,-4.27,600,943.68,19.43
0.5,0.06,0.38,9.81,1.13,-0.17,3.67,600,943.68,20.19
0.52,-0.25,0.27,9.81,1.54,-0.06,4.9,600,943.68,19.86
0.54,-0.09,-0.19,9.81,-1.32,1.74,1.98,600,943.68,19.79
0.56,0.06,-0.58,9.81,-0.98,2.34,-4.72,600,943.68,20.12
0.58,-0.15,-0.0,9.81,0.65,-1.82,10.65,600,943.68,20.33
0.6,-0.27,0.04,9.81,1.29,1.24,-2.41,600,943.68,19.8
0.62,0.11,0.28,9.81,-3.74,-1.12,3.29,600,943.68,20.52
0.64,-0.49,0.02,9.81,0.55,1.77,0.28,600,943.68,19.31
0.66,0.14,-0.09,9.81,-2.41,-2.1,-8.87,600,943.68,19.1
0.68,0.01,0.29,9.81,-0.02,0.25,-9.56,600,943.68,20.57
0.7,0.2,-0.27,9.81,-5.15,-1.45,-7.42,600,943.68,20.38
0.72,-0.13,0.07,9.81,-5.61,-3.53,0.08,600,943.68,19.4
0.74,0.01,-0.16,9.81,-1.44,0.07,5.57,600,943.68,19.63
0.76,-0.29,0.05,9.81,-2.7,2.53,1.07,600,943.68,19.36
0.78,-0.11,0.12,9.81,-2.95,-0.25,-1.58,600,943.68,19.15
0.8,0.31,-0.13,9.81,1.18,2.72,-2.69,600,943.68,19.29
0.82,-0.25,0.05,9.81,0.13,-3.09,-0.74,600,943.68,20.59
0.84,-0.79,0.21,9.81,0.89,0.99,-0.87,600,943.68,20.74
0.86,-0.08,-0.02,9.81,-0.45,0.82,-1.4,600,943.68,19.01
0.88,0.31,-0.38,9.81,1.02,-0.71,4.55,600,943.68,19.91
0.9,0.08,0.15,9.81,-1.23,-0.35,-5.73,600,943.68,19.77
0.92,0.21,0.06,9.81,1.22,-1.82,3.53,600,943.68,19.78
0.94,0.11,0.51,9.81,-1.41,0.42,-3.36,600,943.68,19.44
0.96,-0.19,-0.11,9.81,-0.11,-1.19,-2.42,600,943.68,20.76
0.98,0.2,0.01,9.81,1.73,2.66,-2.16,600,943.68,20.27
1.0,-0.04,0.26,9.81,-1.62,1.83,1.26,600,943.68,19.45
1.02,-0.2,-0.03,9.81,-0.67,1.68,7.45,600,943.68,20.88
1.04,-0.11,-0.27,9.81,1.44,-0.28,10.46,600,943.68,20.72
1.06,-0.34,-0.06,9.81,1.41,3.16,-6.13,600,943.68,20.57
1.08,-0.08,-0.08,9.81,-1.01,-1.01,-9.08,600,943.68,20.66
1.1,-0.02,-0.07,9.81,-3.02,0.63,4.37,600,943.68,20.33
1.12,-0.47,-0.08,9.81,0.33,-2.23,1.76,600,943.68,19.32
1.14,0.16,0.07,9.81,-1.27,-5.18,-1.96,600,943.68,20.32
1.16,0.14,0.2,9.81,-3.2,1.34,1.57,600,943.68,19.9
1.18,-0.18,0.41,9.81,-0.49,-2.94,0.26,600,943.68,20.23
1.2,-0.14,0.25,9.81,2.06,-4.18,-7.55,600,943.68,19.22
1.22,0.05,0.34,9.81,1.31,-0.0,-5.37,600,943.68,20.42
1.24,0.04,0.02,9.81,0.05,-1.3,0.42,600,943.68,20.84
1.26,-0.08,0.1,9.81,-1.95,3.51,-6.28,600,943.68,20.17
1.28,0.17,-0.25,9.81,-1.98,2.12,-6.19,600,943.68,19.6
1.3,-0.04,-0.16,9.81,-1.87,1.47,2.16,600,943.68,20.18
1.32,-0.17,-0.02,9.81,-2.92,-0.04,-9.86,600,943.68,20.88
1.34,0.17,-0.16,9.81,1.55,-0.46,-0.66,600,943.68,20.43
1.36,0.33,0.23,9.81,0.24,0.67,0.64,600,943.68,20.18
1.38,-0.11,0.03,9.81,-2.29,-2.88,4.4,600,943.68,20.07
1.4,0.21,-0.03,9.81,-1.53,-0.16,-4.81,600,943.68,20.7
1.42,-0.4,-0.04,9.81,-0.96,0.32,1.6,600,943.68,19.43
1.44,0.19,0.27,9.81,-0.36,-1.99,-1.31,600,943.68,19.96
1.46,0.03,0.04,9.81,-1.82,-4.5,-5.78,600,943.68,20.56
1.48,-0.11,0.13,9.81,-1.96,4.75,13.18,600,943.68,20.15
1.5,-0.26,-0.3,9.81,-0.31,1.52,-0.54,600,943.68,20.07
1.52,0.19,-0.31,9.81,2.15,-2.07,-2.57,600,943.68,19.3
1.54,0.07,-0.25,9.81,-2.57,2.59,7.91,600,943.68,20.16
1.56,0.2,-0.2,9.81,3.74,0.98,0.78,600,943.68,20.66
1.58,-0.02,0.08,9.81,-1.72,-1.12,-6.34,600,943.68,19.84
1.6,-0.02,0.26,9.81,-0.08,2.16,4.5,600,943.68,20.78
1.62,0.22,-0.06,9.81,-1.36,2.47,-9.16,600,943.68,19.47
1.64,0.4,0.06,9.81,3.82,-2.03,12.1,600,943.68,19.77
1.66,0.36,0.01,9.81,-0.27,-2.9,5.41,600,943.68,19.76
1.68,0.23,0.27,9.81,-2.76,-2.01,-1.21,600,943.68,20.7
1.7,-0.18,0.07,9.81,0.88,-1.86,-6.54,600,943.68,20.92
1.72,0.26,0.31,9.81,-0.77,-5.15,-5.1,600,943.68,19.57
1.74,-0.28,-0.1,9.81,1.03,-1.71,-1.66,600,943.68,19.87
1.76,-0.01,0.38,9.81,-0.17,1.34,0.61,600,943.68,20.96
1.78,0.22,0.02,9.81,0.63,0.25,0.29,600,943.68,20.64
1.8,-0.03,-0.21,9.81,0.19,-0.33,6.89,600,943.68,19.73
1.82,0.1,0.09,9.81,0.1,-0.15,0.36,600,943.68,19.99
1.84,-0.18,0.05,9.81,-1.06,1.26,2.25,600,943.68,20.02
1.86,-0.03,-0.03,9.81,-3.07,5.88,1.73,600,943.68,19.44
1.88,-0.2,-0.27,9.81,-2.34,-0.74,-1.6,600,943.68,20.64
1.9,0.11,0.03,9.81,1.89,3.3,5.53,600,943.68,20.56
1.92,0.16,0.18,9.81,-0.72,-2.65,5.63,600,943.68,20.78
1.94,-0.05,-0.03,9.81,-0.12,2.12,-1.66,600,943.68,20.54
1.96,-0.23,0.22,9.81,0.56,1.93,0.17,600,943.68,20.11
1.98,-0.12,-0.12,9.81,1.23,1.84,-3.64,600,943.68,20.34
2.0,-0.04,-0.56,9.81,2.84,-0.51,-2.88,600,943.68,20.12
2.02,-0.02,-0.3,9.81,1.51,4.01,1.33,600,943.68,20.97
2.04,0.07,0.01,9.81,2.64,-3.36,2.49,600,943.68,19.38
2.06,0.23,0.03,9.81,-1.4,-3.55,-6.86,600,943.68,20.71
2.08,-0.04,-0.22,9.81,1.61,3.33,-2.07,600,943.68,19.47
2.1,-0.63,0.17,9.81,-1.09,-0.11,1.67,600,943.68,20.6
2.12,-0.03,-0.23,9.81,2.53,-0.5,-0.12,600,943.68,20.91
2.14,-0.07,0.11,9.81,3.32,-0.49,-2.5,600,943.68,20.87
2.16,0.06,-0.24,9.81,-1.26,-2.19,-1.89,600,943.68,19.55
2.18,0.24,-0.26,9.81,-0.24,-4.32,6.75,600,943.68,19.49
2.2,0.04,0.24,9.81,-3.01,-0.29,-3.0,600,943.68,20.09
2.22,0.39,0.03,9.81,2.38,3.63,3.29,600,943.68,19.46
2.24,0.2,0.27,9.81,0.97,0.88,3.09,600,943.68,20.18
2.26,0.14,-0.17,9.81,2.45,-4.68,1.13,600,943.68,19.94
2.28,0.15,-0.12,9.81,0.82,0.14,-1.64,600,943.68,19.34
2.3,0.17,0.04,9.81,1.9,1.08,5.01,600,943.68,19.86
2.32,0.17,-0.04,9.81,-1.09,-2.32,4.32,600,943.68,20.48
2.34,0.12,-0.09,9.81,-0.45,-1.99,-7.51,600,943.68,19.68
2.36,0.01,-0.17,9.81,-2.74,2.23,2.11,600,943.68,20.11
2.38,0.05,-0.18,9.81,0.91,1.45,-6.98,600,943.68,20.77
2.4,-0.05,-0.18,9.81,0.05,5.88,-2.1,600,943.68,20.94
2.42,0.03,-0.27,9.81,-2.28,-0.99,4.03,600,943.68,20.14
2.44,0.01,0.35,9.81,2.67,0.43,-11.57,600,943.68,20.58
2.46,0.25,0.04,9.81,-1.33,2.02,-8.78,600,943.68,20.04
2.48,0.02,0.12,9.81,0.65,-2.62,2.35,600,943.68,20.57
2.5,0.02,-0.21,9.81,6.3,0.42,-1.86,600,943.68,20.81
2.52,-0.23,0.59,9.81,0.98,-0.0,-4.93,600,943.68,19.65
2.54,-0.37,0.34,9.81,-1.07,0.48,1.14,600,943.68,20.43
2.56,0.22,0.12,9.81,-1.82,3.42,-5.21,600,943.68,19.67
2.58,-0.12,0.08,9.81,4.45,3.37,-7.04,600,943.68,20.18
2.6,-0.17,-0.08,9.81,-3.79,2.91,4.65,600,943.68,19.51
2.62,0.0,-0.06,9.81,0.32,-3.3,1.07,600,943.68,20.0
2.64,0.02,0.09,9.81,-3.41,-1.33,-0.64,600,943.68,19.69
2.66,-0.28,-0.07,9.81,1.38,0.36,0.04,600,943.68,19.92
2.68,0.02,0.25,9.81,0.8,-0.07,1.95,600,943.68,20.97
2.7,-0.03,0.08,9.81,-0.5,0.5,1.17,600,943.68,19.41
2.72,0.09,-0.1,9.81,-1.96,-1.59,-11.17,600,943.68,20.02
2.74,0.36,-0.2,9.81,-0.31,0.77,0.46,600,943.68,20.19
2.76,0.14,-0.25,9.81,0.74,0.72,-1.98,600,943.68,19.22
2.78,0.43,0.22,9.81,-0.69,-5.48,-0.82,600,943.68,20.33
2.8,-0.18,0.48,9.81,-3.99,0.67,10.27,600,943.68,20.42
2.82,-0.12,0.1,9.81,0.05,1.66,-1.16,600,943.68,19.14
2.84,-0.17,-0.2,9.81,-0.24,2.44,-9.51,600,943.68,19.68
2.86,0.14,0.17,9.81,2.27,3.09,-7.81,600,943.68,19.03
2.88,-0.15,0.5,9.81,-1.36,4.24,4.83,600,943.68,20.34
2.9,-0.18,0.27,9.81,-1.65,2.28,3.93,600,943.68,19.57
2.92,0.29,0.24,9.81,-2.29,4.0,-0.11,600,943.68,19.52
2.94,0.23,0.44,9.81,-2.2,-0.05,-2.78,600,943.68,19.68
2.96,-0.05,-0.15,9.81,1.42,0.11,4.71,600,943.68,20.46
2.98,-0.15,0.21,9.81,3.06,1.47,2.16,600,943.68,20.38
3.0,0.15,-0.3,9.81,-2.55,-3.59,5.61,600,943.68,20.47
3.02,-0.05,-0.06,9.81,2.17,-2.33,3.31,600,943.68,20.77
3.04,0.05,0.03,9.81,0.25,-0.43,5.51,600,943.68,20.88
3.06,0.18,-0.18,9.81,2.6,0.97,0.85,600,943.68,19.79
3.08,0.38,-0.01,9.81,-1.73,-1.74,8.71,600,943.68,20.47
3.1,0.02,-0.06,9.81,1.3,1.74,7.46,600,943.68,20.51
3.12,-0.19,0.25,9.81,5.24,-2.14,-3.11,600,943.68,20.48
3.14,0.23,-0.1,9.81,0.32,0.85,-6.34,600,943.68,19.61
3.16,-0.13,0.06,9.81,-1.35,0.73,-4.97,600,943.68,19.7
3.18,-0.34,-0.29,9.81,-2.1,2.96,0.05,600,943.68,20.1
3.2,0.17,0.12,9.81,-0.62,0.99,-1.21,600,943.68,19.17
3.22,-0.14,-0.18,9.81,-0.1,-0.11,-5.07,600,943.68,20.0
3.24,0.31,-0.11,9.81,-3.92,7.1,0.65,600,943.68,20.08
3.26,0.3,0.2,9.81,-0.23,1.51,7.55,600,943.68,19.07
3.28,0.02,0.27,9.81,-2.46,-3.23,-5.98,600,943.68,20.68
3.3,-0.25,-0.05,9.81,1.81,1.02,1.41,600,943.68,19.86
3.32,-0.28,-0.07,9.81,0.51,1.84,4.55,600,943.68,20.49
3.34,-0.23,-0.23,9.81,0.54,-2.27,3.06,600,943.68,19.56
3.36,-0.48,0.07,9.81,-1.38,-0.56,-0.87,600,943.68,20.69
3.38,-0.39,0.23,9.81,-0.41,2.79,3.67,600,943.68,19.82
3.4,-0.12,0.09,9.81,-0.77,1.76,-0.36,600,943.68,19.25
3.42,-0.5,0.11,9.81,0.22,-0.25,-1.86,600,943.68,20.08
3.44,-0.0,-0.19,9.81,-0.57,-2.08,-9.69,600,943.68,19.38
3.46,0.17,0.17,9.81,0.51,2.74,3.03,600,943.68,20.33
3.48,0.11,-0.16,9.81,0.85,-0.08,1.76,600,943.68,19.61
3.5,-0.08,-0.07,9.81,-0.46,-1.0,-2.91,600,943.68,19.14
3.52,0.17,0.29,9.81,-0.37,1.08,-0.25,600,943.68,20.26
3.54,0.36,-0.12,9.81,-1.35,-1.18,1.42,600,943.68,20.54
3.56,0.15,-0.09,9.81,-1.05,1.29,-7.0,600,943.68,19.52
3.58,-0.09,-0.09,9.81,2.64,-0.49,-5.14,600,943.68,19.88
3.6,-0.15,0.25,9.81,-0.34,1.44,2.19,600,943.68,19.99
3.62,0.13,-0.23,9.81,2.47,4.22,8.25,600,943.68,19.75
3.64,-0.01,-0.08,9.81,-2.48,3.27,1.68,600,943.68,19.46
3.66,-0.13,-0.07,9.81,2.07,3.37,2.99,600,943.68,19.72
3.68,0.21,0.05,9.81,0.9,-1.66,-8.25,600,943.68,19.92
3.7,0.22,0.08,9.81,-0.34,-0.67,-5.75,600,943.68,20.32
3.72,-0.27,-0.11,9.81,1.82,-1.1,-1.42,600,943.68,20.4
3.74,0.11,0.12,9.81,0.97,-0.59,3.3,600,943.68,19.92
3.76,-0.09,0.22,9.81,-2.08,-0.21,-4.63,600,943.68,20.99
3.78,-0.39,0.37,9.81,-1.69,-0.96,4.65,600,943.68,19.12
3.8,0.27,-0.1,9.81,-3.03,1.38,-5.69,600,943.68,20.15
3.82,0.1,0.31,9.81,-4.94,1.59,-2.49,600,943.68,20.19
3.84,-0.2,0.19,9.81,1.33,-0.7,8.2,600,943.68,20.06
3.86,0.11,0.21,9.81,2.1,-0.63,10.47,600,943.68,20.47
3.88,0.02,0.25,9.81,-1.0,1.25,3.54,600,943.68,20.52
3.9,0.14,-0.5,9.81,2.49,0.42,0.76,600,943.68,19.2
3.92,-0.02,-0.14,9.81,2.4,2.4,-5.24,600,943.68,19.65
3.94,0.11,0.0,9.81,-1.27,3.87,-3.38,600,943.68,20.04
3.96,0.4,-0.03,9.81,1.27,-1.66,11.01,600,943.68,20.59
3.98,0.07,-0.22,9.81,-1.67,-1.06,0.56,600,943.68,20.44
4.0,0.17,-0.04,9.81,-5.21,-0.33,-5.32,600,943.68,20.74
4.02,0.08,0.03,9.81,-2.46,-0.27,-2.76,600,943.68,19.71
4.04,-0.02,0.04,9.81,-0.04,0.34,5.36,600,943.68,19.64
4.06,-0.04,0.1,9.81,-0.06,1.55,0.15,600,943.68,20.16
4.08,0.21,0.26,9.81,-1.84,-0.12,0.21,600,943.68,19.76
4.1,0.12,0.21,9.81,-0.89,1.03,-1.85,600,943.68,19.02
4.12,-0.32,-0.4,9.81,2.15,-1.71,1.06,600,943.68,19.17
4.14,-0.3,-0.13,9.81,-2.09,2.3,-1.87,600,943.68,19.04
4.16,0.19,0.07,9.81,-0.19,-0.57,4.94,600,943.68,19.27
4.18,-0.21,-0.21,9.81,-3.1,-1.5,-7.2,600,943.68,19.5
4.2,-0.16,-0.18,9.81,-1.6,-3.7,-3.61,600,943.68,20.71
4.22,-0.12,-0.11,9.81,-2.39,2.84,-4.62,600,943.68,20.52
4.24,-0.04,0.12,9.81,2.31,-0.25,-8.53,600,943.68,20.87
4.26,0.04,-0.1,9.81,1.85,-0.38,2.03,600,943.68,20.39
4.28,-0.1,0.09,9.81,2.27,1.31,-0.89,600,943.68,20.04
4.3,-0.26,0.14,9.81,-0.37,-2.09,10.72,600,943.68,19.04
4.32,0.06,0.41,9.81,-0.37,-0.79,3.37,600,943.68,19.98
4.34,-0.18,-0.1,9.81,2.55,4.66,2.14,600,943.68,20.69
4.36,0.31,-0.01,9.81,-2.79,0.16,-3.67,600,943.68,20.23
4.38,0.23,0.24,9.81,2.44,0.91,4.53,600,943.68,20.22
4.4,0.08,-0.24,9.81,0.95,0.81,5.85,600,943.68,19.49
4.42,0.3,-0.02,9.81,0.62,2.91,0.25,600,943.68,20.32
4.44,-0.05,-0.25,9.81,-0.31,-2.01,2.63,600,943.68,20.27
4.46,0.04,0.39,9.81,-0.48,1.01,5.73,600,943.68,20.08
4.48,0.29,0.12,9.81,1.45,3.21,4.11,600,943.68,19.91
4.5,0.15,-0.16,9.81,1.9,-2.95,4.65,600,943.68,20.28
4.52,0.07,-0.2,9.81,0.89,-2.1,-2.52,600,943.68,20.14
4.54,0.34,0.0,9.81,-0.61,0.92,-3.69,600,943.68,19.33
4.56,0.02,-0.23,9.81,0.28,-0.49,5.15,600,943.68,20.91
4.58,0.11,0.2,9.81,-1.76,-0.94,-3.08,600,943.68,20.62
4.6,0.12,-0.3,9.81,-1.35,2.88,0.33,600,943.68,19.2
4.62,0.09,-0.12,9.81,0.31,1.83,-5.14,600,943.68,19.0
4.64,-0.09,-0.24,9.81,-2.15,-2.4,4.99,600,943.68,19.41
4.66,-0.1,-0.11,9.81,1.2,-2.15,4.71,600,943.68,19.13
4.68,-0.16,0.09,9.81,-1.22,5.51,-3.69,600,943.68,19.07
4.7,0.22,-0.06,9.81,2.82,0.8,7.99,600,943.68,20.65
4.72,-0.19,0.32,9.81,2.56,-2.58,4.34,600,943.68,19.5
4.74,0.3,0.24,9.81,-2.79,2.58,-2.76,600,943.68,20.26
4.76,0.11,0.09,9.81,-0.86,0.26,8.29,600,943.68,20.85
4.78,-0.13,-0.26,9.81,2.49,1.86,-1.66,600,943.68,19.27
4.8,0.4,0.03,9.81,0.57,0.36,-2.79,600,943.68,20.64
4.82,-0.08,-0.3,9.81,2.86,1.49,5.45,600,943.68,20.05
4.84,-0.0,-0.12,9.81,1.12,-0.6,-2.8,600,943.68,19.12
4.86,-0.38,0.02,9.81,0.69,3.33,7.93,600,943.68,20.24
4.88,-0.04,0.09,9.81,4.43,-0.67,1.88,600,943.68,20.77
4.9,-0.26,-0.02,9.81,1.04,-3.79,10.67,600,943.68,20.26
4.92,0.17,-0.04,9.81,-1.47,0.38,-2.94,600,943.68,20.17
4.94,0.16,0.25,9.81,1.96,-0.68,-0.34,600,943.68,19.88
4.96,-0.04,0.01,9.81,-2.66,0.93,0.53,600,943.68,20.81
4.98,-0.15,-0.06,9.81,-0.36,0.06,-8.05,600,943.68,19.42
5.0,0.28,-0.16,9.81,2.51,-1.04,0.49,600,943.68,19.94
5.02,-0.07,-0.16,9.81,1.44,-2.47,5.39,600,943.68,20.38
5.04,0.3,0.03,9.81,-2.37,1.57,3.89,600,943.68,19.84
5.06,-0.29,-0.06,9.81,-1.52,3.22,9.5,600,943.68,20.93
5.08,0.0,0.21,9.81,-2.51,2.11,-1.52,600,943.68,19.63
5.1,0.25,0.12,9.81,-1.04,-1.88,-0.91,600,943.68,19.12
5.12,0.13,0.38,9.81,1.12,-0.64,-7.3,600,943.68,20.43
5.14,-0.16,0.24,9.81,0.78,-1.71,-1.07,600,943.68,19.82
5.16,-0.05,0.17,9.81,0.37,-0.04,1.61,600,943.68,19.25
5.18,-0.06,-0.16,9.81,-0.11,-0.47,-1.83,600,943.68,20.94
5.2,-0.14,0.15,9.81,3.08,1.47,-3.92,600,943.68,19.15
5.22,0.3,0.02,9.81,0.07,2.87,3.69,600,943.68,19.78
5.24,-0.3,0.24,9.81,3.33,2.35,10.19,600,943.68,19.59
5.26,0.27,-0.07,9.81,-1.75,1.04,0.12,600,943.68,20.88
5.28,0.4,-0.1,9.81,-2.02,0.23,-2.16,600,943.68,20.06
5.3,-0.06,0.4,9.81,-0.83,1.17,-9.96,600,943.68,20.43
5.32,0.08,0.12,9.81,-1.92,-0.34,-0.15,600,943.68,19.2
5.34,0.2,-0.1,9.81,-0.25,0.17,-1.93,600,943.68,20.65
5.36,-0.07,-0.07,9.81,1.78,-1.77,-5.61,600,943.68,19.8
5.38,-0.33,-0.04,9.81,-4.78,-0.39,-1.33,600,943.68,19.6
5.4,0.26,0.48,9.81,-1.36,-1.49,-1.18,600,943.68,20.21
5.42,-0.12,-0.35,9.81,0.74,1.65,-2.26,600,943.68,20.13
5.44,-0.18,0.27,9.81,-0.36,-2.11,4.98,600,943.68,20.7
5.46,0.15,0.13,9.81,0.29,-0.25,1.17,600,943.68,19.7
5.48,-0.1,0.25,9.81,-0.17,-0.54,3.21,600,943.68,19.03
5.5,-0.32,-0.3,9.81,1.33,1.0,5.46,600,943.68,20.13
5.52,0.09,-0.13,9.81,-2.34,-1.63,4.34,600,943.68,20.06
5.54,0.18,0.07,9.81,-1.87,-1.46,0.29,600,943.68,20.05
5.56,-0.48,0.27,9.81,-0.84,-0.47,0.38,600,943.68,20.52
5.58,0.04,-0.01,9.81,-0.74,-1.25,7.33,600,943.68,19.03
5.6,-0.08,0.01,9.81,0.93,-1.15,0.67,600,943.68,19.35
5.62,0.03,-0.24,9.81,-0.16,0.99,0.51,600,943.68,19.49
5.64,0.4,0.15,9.81,-1.47,-0.38,-1.67,600,943.68,19.77
5.66,-0.26,0.06,9.81,-2.29,-0.08,10.27,600,943.68,20.96
5.68,-0.09,-0.07,9.81,-2.11,-5.06,-3.48,600,943.68,19.78
5.7,0.02,-0.14,9.81,2.31,-3.38,-2.56,600,943.68,19.83
5.72,0.11,-0.17,9.81,0.6,-1.37,-4.03,600,943.68,20.38
5.74,0.05,-0.37,9.81,-2.17,1.3,-9.24,600,943.68,19.77
5.76,0.16,0.23,9.81,-1.72,0.77,-0.43,600,943.68,20.07
5.78,-0.49,0.28,9.81,-1.36,-1.72,6.74,600,943.68,20.56
5.8,0.25,-0.02,9.81,0.6,-1.22,4.63,600,943.68,20.64
5.82,-0.12,0.31,9.81,0.19,2.05,10.39,600,943.68,20.79
5.84,0.12,-0.13,9.81,1.03,-1.3,3.42,600,943.68,20.69
5.86,0.3,0.01,9.81,-3.32,3.38,2.63,600,943.68,20.24
5.88,-0.01,-0.04,9.81,-2.64,1.3,-5.53,600,943.68,19.97
5.9,0.32,-0.15,9.81,-0.86,-0.01,-4.68,600,943.68,19.35
5.92,-0.11,-0.02,9.81,-1.06,-3.58,0.19,600,943.68,20.63
5.94,0.04,-0.24,9.81,-0.82,-1.42,1.65,600,943.68,20.34
5.96,0.24,0.14,9.81,-1.59,0.03,3.69,600,943.68,19.26
5.98,0.18,0.13,9.81,2.94,4.49,3.27,600,943.68,19.27
6.0,-0.03,-0.01,9.81,-2.17,4.18,-3.12,600,943.68,19.25
6.02,-0.05,0.12,9.81,2.91,-4.95,-7.1,600,943.68,19.3
6.04,0.26,0.05,9.81,-4.05,-3.94,2.82,600,943.68,20.28
6.06,0.05,0.22,9.81,-1.71,-1.21,1.79,600,943.68,19.58
6.08,-0.45,-0.01,9.81,1.36,1.61,-1.7,600,943.68,20.53
6.1,0.16,0.02,9.81,0.42,-2.3,-5.22,600,943.68,20.0
6.12,0.39,0.31,9.81,1.77,-4.79,-3.37,600,943.68,19.92
6.14,0.04,0.4,9.81,2.24,-1.3,-1.29,600,943.68,20.29
6.16,0.43,-0.18,9.81,1.05,5.95,-2.77,600,943.68,19.68
6.18,-0.09,0.02,9.81,-1.18,-0.87,-1.05,600,943.68,19.63
6.2,-0.06,0.07,9.81,-1.6,-0.2,-0.09,600,943.68,20.73
6.22,0.3,0.02,9.81,-3.68,-1.37,-1.62,600,943.68,20.62
6.24,-0.08,0.15,9.81,1.28,-0.17,-4.15,600,943.68,19.05
6.26,0.24,-0.04,9.81,-2.87,-3.29,-0.31,600,943.68,19.41
6.28,-0.0,0.02,9.81,-2.45,0.47,6.94,600,943.68,20.47
6.3,0.05,0.09,9.81,3.95,-0.91,-4.74,600,943.68,19.55
6.32,0.48,-0.08,9.81,-2.28,-2.36,9.0,600,943.68,19.58
6.34,0.3,0.11,9.81,2.13,-0.49,-3.89,600,943.68,19.38
6.36,0.06,0.26,9.81,0.16,-3.27,0.44,600,943.68,19.2
6.38,-0.1,-0.2,9.81,3.21,5.16,7.35,600,943.68,20.49
6.4,-0.15,-0.15,9.81,0.98,-0.32,5.97,600,943.68,19.8
6.42,-0.03,0.28,9.81,-1.54,2.26,4.4,600,943.68,20.45
6.44,0.05,-0.26,9.81,0.85,2.41,1.18,600,943.68,19.27
6.46,-0.08,0.23,9.81,-0.41,2.12,5.45,600,943.68,20.36
6.48,0.04,0.17,9.81,2.83,1.87,2.01,600,943.68,20.29
6.5,0.19,0.08,9.81,-0.63,-2.51,5.84,600,943.68,20.56
6.52,0.21,0.06,9.81,2.31,0.79,3.07,600,943.68,19.51
6.54,0.09,-0.19,9.81,0.81,0.74,-5.14,600,943.68,19.55
6.56,0.17,-0.03,9.81,0.57,-2.53,5.29,600,943.68,20.14
6.58,-0.07,-0.18,9.81,0.12,-0.42,-0.87,600,943.68,20.47
6.6,-0.08,-0.12,9.81,0.26,0.69,2.26,600,943.68,19.61
6.62,-0.07,0.17,9.81,0.36,0.8,4.4,600,943.68,20.7
6.64,0.25,-0.35,9.81,0.76,1.08,-1.52,600,943.68,19.44
6.66,-0.21,0.1,9.81,-2.0,2.44,9.41,600,943.68,20.75
6.68,-0.14,-0.33,9.81,1.81,-0.27,-8.63,600,943.68,20.71
6.7,-0.25,0.31,9.81,-1.24,1.37,-8.21,600,943.68,19.38
6.72,-0.09,-0.06,9.81,-4.13,0.09,-9.19,600,943.68,20.71
6.74,0.03,-0.21,9.81,-0.61,2.71,3.0,600,943.68,20.85
6.76,0.17,-0.35,9.81,3.87,-1.27,-0.88,600,943.68,20.31
6.78,0.05,0.09,9.81,-2.44,0.36,5.99,600,943.68,19.41
6.8,0.19,-0.04,9.81,-1.61,-1.21,8.33,600,943.68,20.3
6.82,0.09,0.23,9.81,1.39,0.28,-1.82,600,943.68,19.34
6.84,-0.04,-0.15,9.81,-0.73,-2.74,-1.98,600,943.68,19.92
6.86,0.05,-0.08,9.81,0.32,4.0,5.73,600,943.68,20.42
6.88,-0.09,-0.03,9.81,0.2,1.91,-3.63,600,943.68,20.24
6.9,-0.1,-0.14,9.81,-0.32,-1.53,0.28,600,943.68,19.73
6.92,-0.28,-0.06,9.81,0.02,2.4,1.84,600,943.68,19.29
6.94,0.25,-0.14,9.81,1.25,-0.98,8.16,600,943.68,19.89
6.96,0.03,-0.14,9.81,-2.3,-3.05,2.55,600,943.68,20.02
6.98,-0.28,0.44,9.81,1.21,3.4,4.08,600,943.68,19.28
7.0,0.22,0.0,9.81,2.58,-0.3,-0.6,600,943.68,19.23
7.02,-0.44,0.03,9.81,0.67,-1.66,-3.84,600,943.68,19.08
7.04,-0.13,-0.21,9.81,-2.35,0.54,1.58,600,943.68,20.36
7.06,0.41,-0.01,9.81,0.02,-0.38,-0.71,600,943.68,19.05
7.08,-0.08,-0.21,9.81,-2.7,-0.28,-0.64,600,943.68,19.54
7.1,0.06,-0.04,9.81,-0.58,-2.45,2.91,600,943.68,19.62
7.12,0.11,0.0,9.81,-2.33,-0.6,-4.38,600,943.68,19.03
7.14,-0.12,0.06,9.81,3.29,-0.1,-3.5,600,943.68,19.16
7.16,-0.19,0.08,9.81,-1.52,2.64,-1.01,600,943.68,20.27
7.18,-0.28,0.06,9.81,0.82,1.0,-0.77,600,943.68,20.9
7.2,0.07,-0.29,9.81,-0.78,2.4,11.89,600,943.68,20.78
7.22,-0.02,-0.26,9.81,2.81,-0.01,2.01,600,943.68,20.36
7.24,0.15,-0.07,9.81,0.13,-2.13,-1.47,600,943.68,20.96
7.26,-0.45,0.15,9.81,-4.35,-1.42,0.29,600,943.68,20.74
7.28,0.54,-0.16,9.81,-1.97,0.64,-6.66,600,943.68,19.56
7.3,0.31,0.21,9.81,0.52,-0.57,4.99,600,943.68,20.59
7.32,-0.05,0.1,9.81,0.62,-0.95,4.7,600,943.68,20.17
7.34,0.19,0.14,9.81,-2.39,-1.98,10.15,600,943.68,20.9
7.36,-0.07,-0.0,9.81,-0.78,0.16,-3.64,600,943.68,20.44
7.38,0.16,0.09,9.81,3.65,0.27,-2.14,600,943.68,19.54
7.4,-0.15,-0.29,9.81,-3.31,0.24,-2.75,600,943.68,20.75
7.42,-0.28,-0.21,9.81,-2.99,1.51,2.15,600,943.68,20.37
7.44,0.11,0.25,9.81,0.29,0.06,-3.55,600,943.68,19.66
7.46,0.08,-0.18,9.81,0.83,-0.03,-8.92,600,943.68,20.95
7.48,0.05,0.17,9.81,0.09,-0.26,-6.95,600,943.68,20.07
7.5,0.01,-0.17,9.81,-1.81,-2.07,-1.33,600,943.68,19.86
7.52,0.07,-0.06,9.81,-0.23,1.32,-5.39,600,943.68,20.61
7.54,-0.11,0.1,9.81,-2.89,-0.76,8.68,600,943.68,19.95
7.56,-0.3,0.08,9.81,0.1,-0.95,4.14,600,943.68,20.51
7.58,0.1,0.18,9.81,-0.08,4.32,7.99,600,943.68,20.59
7.6,-0.11,0.03,9.81,-0.29,-1.14,-0.52,600,943.68,20.71
7.62,0.16,0.01,9.81,-1.59,-0.75,-0.33,600,943.68,19.95
7.64,0.01,-0.03,9.81,1.85,1.56,9.73,600,943.68,19.18
7.66,-0.31,0.54,9.81,-1.1,2.73,0.3,600,943.68,19.45
7.68,0.04,-0.32,9.81,-1.52,-1.51,2.33,600,943.68,20.1
7.7,-0.04,-0.05,9.81,-1.19,-2.97,-7.93,600,943.68,20.35
7.72,0.29,0.09,9.81,-1.97,0.45,7.64,600,943.68,20.6
7.74,0.03,0.25,9.81,0.17,3.64,7.37,600,943.68,19.33
7.76,0.05,0.11,9.81,0.25,1.25,-0.61,600,943.68,19.46
7.78,-0.02,0.08,9.81,-2.11,-0.36,1.79,600,943.68,19.14
7.8,0.06,0.19,9.81,3.48,1.85,4.57,600,943.68,20.28
7.82,0.0,0.3,9.81,-0.69,-1.95,-0.07,600,943.68,19.36
7.84,0.23,-0.03,9.81,0.42,-2.2,1.51,600,943.68,19.32
7.86,-0.05,0.0,9.81,2.83,0.71,-7.95,600,943.68,20.97
7.88,0.11,0.01,9.81,-1.91,-0.21,2.71,600,943.68,19.02
7.9,0.14,-0.0,9.81,-0.67,-0.97,-1.35,600,943.68,19.91
7.92,0.14,-0.16,9.81,-4.31,1.2,-2.23,600,943.68,20.67
7.94,-0.11,-0.43,9.81,2.49,-0.92,5.22,600,943.68,19.67
7.96,-0.12,0.12,9.81,1.36,0.85,-4.49,600,943.68,19.41
7.98,0.06,0.09,9.81,1.44,-0.09,4.14,600,943.68,19.75
8.0,-0.21,0.15,9.81,-2.09,2.77,-2.51,600,943.68,19.88
8.02,0.15,0.2,9.81,0.4,1.98,-6.11,600,943.68,19.44
8.04,0.08,-0.18,9.81,2.53,0.32,9.04,600,943.68,19.56
8.06,-0.25,-0.18,9.81,3.65,1.78,3.68,600,943.68,19.96
8.08,-0.15,0.08,9.81,-0.1,2.3,-3.34,600,943.68,20.47
8.1,-0.09,0.11,9.81,2.47,-1.01,-5.02,600,943.68,20.57
8.12,0.07,-0.21,9.81,0.24,1.22,3.11,600,943.68,20.01
8.14,-0.09,-0.5,9.81,-2.2,-0.16,-8.12,600,943.68,20.97
8.16,0.16,0.4,9.81,2.12,-1.88,-6.43,600,943.68,20.9
8.18,0.02,-0.06,9.81,2.61,-1.21,-3.75,600,943.68,19.04
8.2,-0.34,0.11,9.81,-0.4,-1.23,14.68,600,943.68,20.95
8.22,0.28,0.06,9.81,-4.23,1.32,1.85,600,943.68,19.76
8.24,-0.07,-0.19,9.81,-0.97,0.27,6.19,600,943.68,19.79
8.26,0.25,0.3,9.81,1.83,-1.13,0.55,600,943.68,20.12
8.28,0.1,-0.11,9.81,0.65,2.25,-6.2,600,943.68,20.13
8.3,-0.0,0.03,9.81,2.11,0.11,1.93,600,943.68,19.14
8.32,-0.38,0.21,9.81,-2.42,-2.1,3.52,600,943.68,19.72
8.34,0.3,0.14,9.81,0.9,3.21,7.04,600,943.68,20.27
8.36,-0.22,-0.2,9.81,0.16,0.84,2.41,600,943.68,19.3
8.38,0.3,-0.07,9.81,-1.91,1.48,0.22,600,943.68,19.42
8.4,0.07,0.07,9.81,-3.44,-0.92,5.45,600,943.68,20.17
8.42,0.08,0.24,9.81,2.19,-1.46,-0.58,600,943.68,20.65
8.44,-0.06,0.02,9.81,2.05,1.09,1.68,600,943.68,19.42
8.46,0.35,-0.3,9.81,-2.1,1.9,-6.5,600,943.68,20.38
8.48,-0.02,0.28,9.81,-3.22,-1.39,-2.83,600,943.68,20.24
8.5,-0.08,0.03,9.81,-0.19,-0.19,8.23,600,943.68,19.65
8.52,-0.17,0.29,9.81,1.24,2.77,7.63,600,943.68,19.74
8.54,-0.28,-0.1,9.81,3.36,0.14,-3.55,600,943.68,20.77
8.56,-0.3,-0.09,9.81,-4.85,-3.02,-0.34,600,943.68,20.06
8.58,-0.3,0.25,9.81,2.02,-2.52,3.84,600,943.68,19.93
8.6,0.05,0.12,9.81,0.96,-0.47,1.86,600,943.68,19.81
8.62,-0.11,-0.04,9.81,4.1,-0.4,1.44,600,943.68,19.78
8.64,0.1,0.04,9.81,-0.7,2.48,11.93,600,943.68,19.76
8.66,-0.36,-0.13,9.81,1.9,-0.64,-15.73,600,943.68,20.02
8.68,0.1,-0.05,9.81,0.01,0.92,6.56,600,943.68,19.28
8.7,0.0,-0.43,9.81,-3.18,-2.34,-2.74,600,943.68,19.08
8.72,-0.27,0.0,9.81,1.44,1.36,6.24,600,943.68,20.97
8.74,0.39,0.03,9.81,-1.31,2.78,-4.14,600,943.68,19.18
8.76,0.03,0.06,9.81,-0.7,-1.25,5.17,600,943.68,20.0
8.78,-0.01,-0.19,9.81,1.61,-0.38,5.99,600,943.68,20.4
8.8,0.2,0.05,9.81,-1.5,-0.39,7.02,600,943.68,20.64
8.82,-0.15,-0.13,9.81,1.68,1.36,0.87,600,943.68,19.18
8.84,-0.36,-0.1,9.81,1.34,0.91,-0.58,600,943.68,19.96
8.86,0.11,0.15,9.81,-0.01,-0.1,6.97,600,943.68,19.12
8.88,0.07,-0.01,9.81,0.78,0.37,-0.73,600,943.68,19.26
8.9,-0.02,-0.32,9.81,4.58,-1.0,6.34,600,943.68,19.62
8.92,-0.38,-0.19,9.81,1.3,-3.15,1.81,600,943.68,19.68
8.94,-0.03,-0.02,9.81,1.24,-1.44,-6.75,600,943.68,20.61
8.96,-0.24,0.07,9.81,-0.45,-1.5,-4.04,600,943.68,20.63
8.98,0.29,0.03,9.81,-0.12,-0.78,-3.83,600,943.68,20.85
9.0,-0.04,0.27,9.81,2.15,0.27,3.05,600,943.68,19.19
9.02,0.46,0.05,9.81,3.15,2.2,-5.27,600,943.68,19.12
9.04,-0.19,-0.05,9.81,0.35,-0.42,2.69,600,943.68,20.03
9.06,0.02,-0.07,9.81,0.48,2.02,-0.85,600,943.68,20.7
9.08,-0.33,0.2,9.81,-0.19,-1.15,6.03,600,943.68,19.07
9.1,0.08,0.35,9.81,1.97,-2.65,1.45,600,943.68,19.64
9.12,-0.11,0.11,9.81,-0.13,1.02,-3.47,600,943.68,20.4
9.14,-0.18,-0.16,9.81,-0.63,-3.36,3.24,600,943.68,19.53
9.16,-0.01,0.12,9.81,0.96,0.56,-2.17,600,943.68,19.19
9.18,-0.18,0.25,9.81,-5.06,1.88,-3.49,600,943.68,19.52
9.2,-0.03,0.07,9.81,-3.03,4.47,2.16,600,943.68,19.76
9.22,0.15,-0.14,9.81,-1.01,-0.68,4.79,600,943.68,20.59
9.24,0.17,-0.13,9.81,2.18,1.92,3.32,600,943.68,19.65
9.26,-0.11,-0.15,9.81,1.13,1.33,5.08,600,943.68,19.84
9.28,-0.09,0.57,9.81,-0.39,0.44,-1.44,600,943.68,19.1
9.3,0.04,0.11,9.81,-0.21,-1.21,3.9,600,943.68,19.42
9.32,-0.08,0.11,9.81,2.28,0.38,-0.22,600,943.68,19.55
9.34,0.4,0.17,9.81,-1.66,-3.83,3.89,600,943.68,19.07
9.36,-0.08,0.25,9.81,-1.92,-0.07,-2.44,600,943.68,19.1
9.38,0.07,-0.25,9.81,-1.96,1.36,-5.13,600,943.68,20.88
9.4,-0.2,0.21,9.81,-1.32,-4.14,0.86,600,943.68,19.12
9.42,-0.23,-0.36,9.81,-1.11,1.91,-2.07,600,943.68,20.78
9.44,-0.16,0.1,9.81,-5.18,0.32,-4.75,600,943.68,19.8
9.46,0.01,-0.1,9.81,2.78,2.22,0.9,600,943.68,19.07
9.48,-0.27,-0.06,9.81,2.77,1.62,2.73,600,943.68,19.97
9.5,-0.14,-0.15,9.81,5.96,-1.6,-3.81,600,943.68,19.93
9.52,-0.1,0.16,9.81,4.47,0.85,3.09,600,943.68,19.68
9.54,0.01,0.07,9.81,-5.78,2.2,-2.1,600,943.68,19.13
9.56,0.16,-0.23,9.81,-1.04,-1.82,7.59,600,943.68,20.65
9.58,-0.03,0.38,9.81,2.83,0.07,0.03,600,943.68,20.51
9.6,-0.34,0.12,9.81,-0.4,-0.65,0.66,600,943.68,20.08
9.62,-0.25,-0.38,9.81,-2.36,0.51,4.14,600,943.68,20.83
9.64,-0.12,0.24,9.81,1.96,1.06,-1.33,600,943.68,20.65
9.66,-0.05,0.01,9.81,-2.98,-2.86,2.5,600,943.68,19.0
9.68,-0.15,-0.29,9.81,3.07,-0.35,-5.18,600,943.68,20.77
9.7,0.09,0.06,9.81,2.03,0.69,-0.1,600,943.68,20.12
9.72,0.41,0.04,9.81,-3.04,-2.16,-2.45,600,943.68,20.31
9.74,0.01,-0.17,9.81,-0.14,1.5,4.65,600,943.68,20.47
9.76,-0.11,-0.07,9.81,-1.39,1.09,-1.33,600,943.68,20.44
9.78,0.13,-0.06,9.81,-1.52,-1.12,4.22,600,943.68,19.51
9.8,-0.16,-0.14,9.81,2.8,0.1,5.96,600,943.68,19.29
9.82,0.16,0.18,9.81,-0.57,0.89,3.97,600,943.68,20.87
9.84,0.18,-0.01,9.81,-1.02,-0.36,0.39,600,943.68,20.55
9.86,-0.06,-0.11,9.81,0.3,0.67,-3.45,600,943.68,19.87
9.88,-0.15,0.27,9.81,4.5,-3.25,-1.27,600,943.68,20.32
9.9,-0.27,0.2,9.81,3.12,4.46,4.87,600,943.68,20.69
9.92,0.01,-0.18,9.81,0.98,-2.64,0.26,600,943.68,19.15
9.94,0.03,-0.55,9.81,0.91,-1.13,-3.89,600,943.68,19.07
9.96,0.04,0.01,9.81,-4.75,0.08,0.31,600,943.68,19.11
9.98,-0.2,-0.04,9.81,-1.3,-2.16,0.87,600,943.68,19.72
10.0,0.17,-0.07,39.81,0.77,2.46,-0.43,600,943.68,19.7
10.02,-0.07,-0.2,39.51,2.43,1.75,6.76,605,943.12,20.61
10.04,-0.21,-0.16,39.21,1.09,-0.4,0.13,610,942.56,19.55
10.06,-0.0,-0.09,38.91,2.84,3.25,6.94,615,942.0,20.72
10.08,0.08,0.02,38.61,3.05,2.06,-1.48,620,941.44,20.24
10.1,0.0,-0.02,38.31,0.48,-2.62,-7.59,625,940.88,19.28
10.12,0.09,0.39,38.01,-0.35,-0.91,-1.46,630,940.32,20.76
10.14,0.07,-0.09,37.71,1.14,3.9,-1.25,635,939.77,20.11
10.16,0.09,-0.03,37.41,1.16,-0.93,7.92,640,939.21,19.61
10.18,0.07,0.27,37.11,2.03,-0.25,3.02,645,938.65,19.24
10.2,-0.08,0.12,36.81,1.9,0.65,-8.19,650,938.1,19.34
10.22,-0.52,-0.12,36.51,0.09,-2.71,2.06,655,937.54,19.22
10.24,0.65,0.01,36.21,-1.56,1.43,-4.91,660,936.99,20.29
10.26,-0.27,-0.31,35.91,-4.32,1.31,-3.58,665,936.43,19.66
10.28,0.22,-0.29,35.61,0.77,-0.02,7.22,670,935.88,20.3
10.3,0.15,-0.02,35.31,-2.4,1.18,3.38,675,935.32,20.88
10.32,-0.31,-0.23,35.01,1.09,2.13,-2.91,680,934.77,19.97
10.34,0.11,-0.4,34.71,-1.4,-1.58,0.12,685,934.21,20.67
10.36,-0.25,-0.21,34.41,2.57,-1.2,-2.75,690,933.66,20.94
10.38,-0.08,-0.15,34.11,1.6,0.96,-8.92,695,933.11,19.65
10.4,0.19,-0.05,33.81,-1.17,2.39,6.46,700,932.55,19.25
10.42,0.24,0.07,33.51,-1.79,-1.0,-2.76,705,932.0,20.11
10.44,0.2,-0.12,33.21,0.18,2.05,1.86,710,931.45,19.35
10.46,0.06,0.01,32.91,2.36,0.13,10.49,715,930.9,19.19
10.48,-0.04,0.01,32.61,-2.02,1.18,6.12,720,930.34,20.89
10.5,-0.49,0.42,32.31,0.03,1.84,0.48,725,929.79,19.58
10.52,-0.24,-0.03,32.01,-0.28,-0.32,6.68,730,929.24,19.6
10.54,0.09,0.1,31.71,1.1,2.16,2.69,735,928.69,20.16
10.56,-0.17,-0.47,31.41,4.36,-0.85,0.05,740,928.14,20.57
10.58,0.31,0.02,31.11,0.26,-5.5,-3.4,745,927.59,20.83
10.6,0.06,0.17,30.81,-1.9,-2.33,-0.49,750,927.04,20.24
10.62,-0.21,-0.11,30.51,0.56,-1.57,5.59,755,926.49,20.09
10.64,0.16,0.18,30.21,0.86,1.09,-3.9,760,925.94,19.43
10.66,-0.15,-0.0,29.91,-0.96,0.95,-1.85,765,925.39,20.31
10.68,-0.29,-0.27,29.61,-4.7,0.24,2.34,770,924.85,20.38
10.7,-0.18,0.17,29.31,-1.83,-0.26,1.7,775,924.3,19.71
10.72,-0.08,-0.18,29.01,0.16,-2.75,-0.19,780,923.75,19.83
10.74,0.07,0.22,28.71,3.61,-2.34,-5.23,785,923.2,19.86
10.76,0.0,0.09,28.41,0.17,0.23,-12.27,790,922.65,20.93
10.78,-0.14,0.12,28.11,-2.37,1.21,-0.2,795,922.11,19.53
10.8,0.09,0.12,27.81,2.75,1.12,0.29,800,921.56,20.48
10.82,-0.02,0.28,27.51,-0.86,-0.07,2.42,805,921.02,20.09
10.84,0.11,0.03,27.21,-0.23,-1.67,-2.45,810,920.47,20.79
10.86,0.08,0.14,26.91,-1.72,-1.18,0.07,815,919.92,19.43
10.88,0.46,0.04,26.61,0.92,-0.34,-0.87,820,919.38,19.61
10.9,0.03,0.04,26.31,3.02,-2.27,-1.33,825,918.83,19.84
10.92,-0.08,-0.3,26.01,-0.31,-0.79,-0.96,830,918.29,19.67
10.94,0.06,0.12,25.71,-3.12,1.82,5.46,835,917.75,20.67
10.96,0.3,0.07,25.41,-2.31,2.01,2.2,840,917.2,19.12
10.98,-0.16,-0.04,25.11,1.72,-1.35,9.21,845,916.66,19.28
11.0,0.18,0.2,24.81,0.97,2.59,6.3,850,916.11,19.98
11.02,0.14,0.05,24.51,2.67,-2.55,3.63,855,915.57,19.11
11.04,-0.11,0.06,24.21,-1.49,2.46,2.9,860,915.03,20.09
11.06,-0.21,0.09,23.91,-0.56,3.45,-8.68,865,914.49,20.65
11.08,-0.05,0.23,23.61,-0.62,-0.42,-5.23,870,913.95,19.52
11.1,-0.25,0.33,23.31,-1.53,1.96,-1.66,875,913.4,20.7
11.12,-0.15,-0.12,23.01,2.54,-0.05,10.03,880,912.86,19.35
11.14,0.25,0.6,22.71,-4.82,1.22,-2.58,885,912.32,19.42
11.16,-0.26,-0.15,22.41,-0.34,-2.5,-1.15,890,911.78,20.34
11.18,-0.04,-0.07,22.11,-4.17,-1.71,-5.06,895,911.24,20.09
11.2,-0.06,-0.3,21.81,-0.4,1.16,-3.26,900,910.7,19.49
11.22,0.1,0.0,21.51,1.04,0.34,5.45,905,910.16,19.55
11.24,-0.17,-0.42,21.21,-1.77,3.08,7.82,910,909.62,20.71
11.26,-0.24,0.16,20.91,-1.87,-2.05,-4.75,915,909.08,20.65
11.28,-0.05,-0.33,20.61,-1.14,-1.46,-8.4,920,908.54,19.13
11.3,-0.26,-0.1,20.31,-0.6,-0.48,0.91,925,908.0,19.05
11.32,0.11,-0.17,20.01,-0.85,1.96,6.23,930,907.47,20.01
11.34,-0.06,-0.03,19.71,0.79,-5.26,-1.46,935,906.93,19.24
11.36,0.2,0.0,19.41,1.67,0.84,-11.24,940,906.39,19.6
11.38,0.17,0.2,19.11,0.9,-3.49,-8.26,945,905.85,20.57
11.4,-0.29,0.66,18.81,2.18,3.44,-10.59,950,905.32,19.17
11.42,-0.2,-0.21,18.51,-1.39,-0.67,-8.36,955,904.78,20.98
11.44,-0.05,0.14,18.21,3.06,-0.22,8.24,960,904.24,20.14
11.46,-0.12,-0.12,17.91,0.31,3.69,-1.56,965,903.71,20.92
11.48,0.15,0.23,17.61,1.01,-2.51,-3.33,970,903.17,19.66
11.5,0.38,-0.12,17.31,1.24,5.29,-3.27,975,902.64,19.02
11.52,0.27,0.02,17.01,-1.14,-1.15,-4.0,980,902.1,20.14
11.54,0.1,-0.4,16.71,0.09,1.83,-4.8,985,901.57,20.72
11.56,-0.02,0.43,16.41,2.84,-1.35,-5.25,990,901.03,19.21
11.58,0.01,-0.21,16.11,-1.01,-1.28,-0.44,995,900.5,19.79
11.6,-0.13,-0.05,15.81,-3.53,-1.47,4.65,1000,899.97,20.59
11.62,0.06,0.07,15.51,1.11,2.84,-1.39,1005,899.43,19.89
11.64,0.41,0.12,15.21,0.6,0.38,-7.12,1010,898.9,20.89
11.66,0.23,0.05,14.91,-0.05,-1.54,2.53,1015,898.37,19.7
11.68,-0.12,0.29,14.61,-1.34,-4.44,2.97,1020,897.84,20.22
11.7,0.15,0.08,14.31,1.04,1.12,12.05,1025,897.3,20.35
11.72,0.05,-0.01,14.01,0.82,-2.59,2.49,1030,896.77,20.58
11.74,0.07,-0.21,13.71,1.0,-1.23,-5.88,1035,896.24,20.28
11.76,0.19,0.28,13.41,0.88,3.54,2.13,1040,895.71,19.72
11.78,0.1,0.7,13.11,-0.63,7.05,4.66,1045,895.18,21.0
11.8,-0.24,-0.09,12.81,1.19,0.53,-4.02,1050,894.65,20.35
11.82,-0.11,0.11,12.51,-4.65,-0.0,-6.77,1055,894.12,20.57
11.84,-0.1,0.1,12.21,0.36,0.9,-0.2,1060,893.59,20.83
11.86,0.08,-0.21,11.91,-2.28,-0.36,-0.76,1065,893.06,20.92
11.88,0.09,0.07,11.61,0.9,-1.59,-6.22,1070,892.53,20.17
11.9,-0.12,-0.11,11.31,0.35,-2.92,-2.72,1075,892.0,19.14
11.92,-0.04,0.03,11.01,-1.52,3.56,-8.47,1080,891.47,20.48
11.94,0.03,0.24,10.71,-1.95,1.9,7.95,1085,890.94,19.07
11.96,0.11,-0.33,10.41,-1.93,1.37,-0.1,1090,890.41,20.12
11.98,-0.01,0.04,10.11,0.44,-1.1,7.33,1095,889.89,20.0
12.0,-0.14,-0.16,7.81,-1.02,-0.53,-8.0,800.0,921.56,20.6
12.02,-0.23,-0.06,7.81,-1.86,1.83,3.77,798.5,921.73,19.92
12.04,-0.1,0.26,7.81,-3.23,0.62,2.99,797.0,921.89,20.36
12.06,-0.05,-0.04,7.81,0.04,3.05,-3.72,795.5,922.05,20.73
12.08,0.01,-0.32,7.81,2.54,-0.71,1.22,794.0,922.22,20.5
12.1,-0.06,-0.14,7.81,-1.54,2.75,-4.81,792.5,922.38,20.21
12.12,0.15,-0.04,7.81,0.94,1.13,-3.75,791.0,922.55,20.03
12.14,-0.1,0.3,7.81,2.63,-1.49,-9.83,789.5,922.71,19.08
12.16,-0.1,0.05,7.81,-0.18,-4.96,-0.14,788.0,922.87,20.29
12.18,0.09,-0.5,7.81,-2.02,2.95,-9.3,786.5,923.04,20.97
12.2,-0.01,-0.15,7.81,-1.41,-1.66,-3.66,785.0,923.2,20.75
12.22,0.11,-0.17,7.81,2.41,1.91,-3.67,783.5,923.37,19.22
12.24,0.09,-0.27,7.81,-0.6,-2.3,12.68,782.0,923.53,20.31
12.26,0.04,0.03,7.81,-1.36,-0.99,0.92,780.5,923.69,19.26
12.28,-0.03,-0.25,7.81,-0.06,-2.36,0.7,779.0,923.86,20.83
12.3,0.07,-0.14,7.81,-4.05,4.71,-4.05,777.5,924.02,19.84
12.32,0.17,-0.12,7.81,-0.75,0.53,-7.22,776.0,924.19,20.18
12.34,0.31,0.3,7.81,2.1,1.63,-2.57,774.5,924.35,20.84
12.36,-0.31,-0.0,7.81,-2.82,3.31,4.35,773.0,924.52,20.02
12.38,0.17,-0.21,7.81,1.24,-0.52,-0.29,771.5,924.68,19.61
12.4,-0.14,0.02,7.81,1.22,3.04,-1.45,770.0,924.85,20.96
12.42,0.12,0.08,7.81,-0.32,0.97,-3.25,768.5,925.01,19.19
12.44,0.06,0.19,7.81,-1.24,6.05,3.39,767.0,925.17,19.21
12.46,0.22,-0.1,7.81,1.25,2.0,5.07,765.5,925.34,19.59
12.48,-0.13,-0.3,7.81,-0.67,0.96,-0.48,764.0,925.5,20.07
12.5,-0.07,-0.29,7.81,2.86,0.36,2.11,762.5,925.67,20.32
12.52,-0.05,0.24,7.81,-2.25,1.32,-2.19,761.0,925.83,20.84
12.54,-0.41,-0.21,7.81,0.25,0.9,2.41,759.5,926.0,19.1
12.56,0.0,0.16,7.81,-0.69,-0.55,3.67,758.0,926.16,19.18
12.58,-0.05,0.02,7.81,-0.09,-0.89,-0.98,756.5,926.33,19.76
12.6,-0.3,0.42,7.81,-1.19,-3.9,1.28,755.0,926.49,19.27
12.62,0.18,-0.42,7.81,-1.7,-1.21,-1.13,753.5,926.66,20.57
12.64,0.01,-0.12,7.81,0.08,5.07,3.62,752.0,926.82,20.51
12.66,-0.07,-0.05,7.81,-1.59,0.29,-5.72,750.5,926.99,19.41
12.68,0.19,-0.01,7.81,-0.76,3.69,-4.25,749.0,927.15,20.63
12.7,-0.08,0.22,7.81,-0.97,-0.11,8.84,747.5,927.32,20.76
12.72,0.33,-0.09,7.81,-5.4,-1.3,6.1,746.0,927.48,19.93
12.74,-0.06,-0.17,7.81,-2.64,3.01,2.67,744.5,927.65,20.74
12.76,0.03,0.16,7.81,1.65,3.54,10.17,743.0,927.81,19.21
12.78,0.13,0.15,7.81,0.9,-3.71,-6.12,741.5,927.98,20.27
12.8,-0.19,-0.37,7.81,-1.93,2.64,3.67,740.0,928.14,20.22
12.82,-0.41,0.14,7.81,2.27,-2.06,2.37,738.5,928.31,19.7
12.84,0.29,0.15,7.81,-2.13,3.75,-8.1,737.0,928.47,20.97
12.86,0.1,0.34,7.81,2.73,-1.01,-8.85,735.5,928.64,20.32
12.88,-0.08,-0.14,7.81,1.24,1.04,0.98,734.0,928.8,19.45
12.9,0.19,0.03,7.81,-2.04,-0.93,3.32,732.5,928.97,19.22
12.92,-0.19,0.03,7.81,-5.09,3.09,6.18,731.0,929.13,19.16
12.94,0.16,0.12,7.81,-3.4,0.62,-6.63,729.5,929.3,19.21
12.96,0.07,0.07,7.81,-0.4,-2.44,-6.67,728.0,929.46,19.94
12.98,0.13,-0.04,7.81,-2.47,1.04,3.91,726.5,929.63,20.92
13.0,0.21,0.03,7.81,-3.13,-3.13,-2.26,725.0,929.79,20.55
13.02,0.12,0.31,7.81,3.61,-1.23,-11.53,723.5,929.96,20.55
13.04,-0.03,-0.06,7.81,0.76,3.22,6.12,722.0,930.12,20.05
13.06,-0.35,-0.07,7.81,-0.37,3.1,1.3,720.5,930.29,20.24
13.08,-0.08,-0.23,7.81,3.51,0.11,-1.39,719.0,930.45,19.9
13.1,-0.07,-0.21,7.81,-0.5,2.79,-6.65,717.5,930.62,20.01
13.12,0.06,0.01,7.81,2.21,-2.24,5.02,716.0,930.79,19.75
13.14,0.03,0.12,7.81,-1.08,-4.73,-1.25,714.5,930.95,19.83
13.16,0.08,-0.11,7.81,-0.43,-0.09,9.66,713.0,931.12,19.5
13.18,0.13,-0.25,7.81,-0.83,1.55,2.93,711.5,931.28,20.7
13.2,0.18,-0.07,7.81,-0.92,-1.98,-4.46,710.0,931.45,19.41
13.22,-0.08,0.04,7.81,0.24,0.79,2.73,708.5,931.61,19.57
13.24,-0.24,-0.3,7.81,-1.1,-3.13,-0.55,707.0,931.78,20.88
13.26,-0.04,-0.22,7.81,-1.56,1.36,-3.08,705.5,931.94,20.31
13.28,-0.23,-0.05,7.81,-1.56,2.74,-3.28,704.0,932.11,19.63
13.3,-0.09,-0.01,7.81,1.35,-0.06,-5.64,702.5,932.28,20.37
13.32,-0.15,0.13,7.81,-0.17,-0.77,5.13,701.0,932.44,19.88
13.34,-0.13,-0.06,7.81,-2.15,-0.52,-4.38,699.5,932.61,20.6
13.36,0.15,-0.05,7.81,-0.14,2.83,-3.85,698.0,932.77,20.23
13.38,-0.11,-0.42,7.81,-0.78,0.78,-5.95,696.5,932.94,20.18
13.4,-0.0,-0.05,7.81,-0.16,1.59,-5.59,695.0,933.11,19.15
13.42,-0.19,0.08,7.81,1.83,1.36,2.23,693.5,933.27,20.16
13.44,-0.13,-0.05,7.81,2.3,-3.31,1.7,692.0,933.44,19.55
13.46,-0.41,-0.0,7.81,-1.11,1.1,0.07,690.5,933.6,20.65
13.48,0.23,-0.06,7.81,1.33,0.21,2.75,689.0,933.77,19.04
13.5,-0.08,0.05,7.81,1.44,-1.66,0.91,687.5,933.94,19.62
13.52,-0.34,-0.13,7.81,1.49,-0.88,-6.74,686.0,934.1,20.88
13.54,-0.03,0.12,7.81,3.81,2.1,2.64,684.5,934.27,20.62
13.56,-0.21,0.15,7.81,3.5,-0.88,1.8,683.0,934.43,20.18
13.58,-0.2,-0.04,7.81,-1.62,-1.98,-5.95,681.5,934.6,20.24
13.6,-0.36,-0.04,7.81,3.04,3.28,7.73,680.0,934.77,19.56
13.62,0.1,-0.17,7.81,0.08,0.93,1.84,678.5,934.93,20.97
13.64,0.06,-0.08,7.81,5.41,3.12,-4.28,677.0,935.1,19.95
13.66,0.33,0.44,7.81,0.35,-0.5,5.51,675.5,935.27,20.77
13.68,-0.08,-0.36,7.81,-0.99,0.07,0.87,674.0,935.43,20.77
13.7,0.23,0.19,7.81,1.3,-1.96,0.71,672.5,935.6,20.55
13.72,-0.16,-0.69,7.81,1.44,-2.27,5.68,671.0,935.76,20.64
13.74,-0.1,-0.07,7.81,1.23,0.76,3.59,669.5,935.93,19.29
13.76,-0.11,-0.34,7.81,-2.35,-1.45,0.5,668.0,936.1,20.24
13.78,0.22,0.3,7.81,-2.24,1.39,0.69,666.5,936.26,19.82
13.8,0.01,0.01,7.81,-2.68,-1.08,3.37,665.0,936.43,20.62
13.82,-0.25,0.23,7.81,-2.3,-1.19,5.55,663.5,936.6,20.06
13.84,0.31,-0.07,7.81,1.41,-3.47,-1.18,662.0,936.76,20.58
13.86,-0.03,-0.02,7.81,-2.56,1.43,6.25,660.5,936.93,19.96
13.88,-0.39,-0.22,7.81,-1.22,1.24,2.46,659.0,937.1,19.46
13.9,-0.08,-0.18,7.81,-1.76,-4.06,0.83,657.5,937.26,19.77
13.92,-0.09,0.27,7.81,1.83,3.91,2.79,656.0,937.43,20.65
13.94,-0.34,-0.1,7.81,1.83,0.54,-8.81,654.5,937.6,20.44
13.96,-0.2,0.15,7.81,-1.8,-3.53,11.98,653.0,937.76,19.67
13.98,0.05,0.26,7.81,-0.45,-0.46,-0.41,651.5,937.93,19.49
14.0,-0.12,-0.19,7.81,3.17,0.27,-1.87,650.0,938.1,19.99
14.02,0.36,-0.22,7.81,2.4,0.22,-3.3,648.5,938.26,19.77
14.04,-0.05,0.24,7.81,0.1,2.47,-2.54,647.0,938.43,19.76
14.06,0.05,-0.11,7.81,1.6,-0.14,-2.29,645.5,938.6,19.46
14.08,0.11,0.17,7.81,1.76,-0.76,-6.73,644.0,938.77,20.7
14.1,0.01,0.03,7.81,0.68,-0.34,-1.32,642.5,938.93,20.94
14.12,-0.01,-0.17,7.81,-0.46,2.44,11.82,641.0,939.1,19.84
14.14,-0.12,0.19,7.81,4.52,3.75,-3.82,639.5,939.27,20.59
14.16,0.07,-0.08,7.81,0.62,-1.45,-6.51,638.0,939.43,19.36
14.18,-0.05,-0.05,7.81,1.45,-2.74,2.69,636.5,939.6,19.68
14.2,-0.11,0.04,7.81,4.94,0.67,-6.81,635.0,939.77,20.75
14.22,0.3,0.25,7.81,0.37,0.76,-0.75,633.5,939.93,19.79
14.24,0.07,0.26,7.81,-0.92,-0.04,3.63,632.0,940.1,20.71
14.26,0.3,-0.11,7.81,0.08,1.1,-5.47,630.5,940.27,19.04
14.28,0.08,0.4,7.81,1.49,1.13,2.11,629.0,940.44,19.5
14.3,-0.17,-0.08,7.81,-3.05,-0.24,-2.44,627.5,940.6,19.35
14.32,-0.14,0.15,7.81,1.5,-0.86,4.77,626.0,940.77,19.52
14.34,-0.31,-0.16,7.81,-1.79,3.88,-5.33,624.5,940.94,20.16
14.36,0.24,-0.14,7.81,-1.05,0.07,4.76,623.0,941.11,20.57
14.38,0.17,-0.2,7.81,1.85,-2.67,-1.03,621.5,941.27,19.61
14.4,-0.32,0.26,7.81,-0.46,-0.12,8.28,620.0,941.44,20.66
14.42,0.01,-0.31,7.81,0.99,-1.07,1.92,618.5,941.61,20.17
14.44,-0.13,-0.29,7.81,-2.52,-3.28,-4.46,617.0,941.77,20.01
14.46,-0.13,0.15,7.81,1.53,-1.57,4.28,615.5,941.94,20.29
14.48,-0.26,-0.13,7.81,2.14,0.36,5.52,614.0,942.11,19.76
14.5,0.48,0.04,7.81,-0.12,1.94,-0.94,612.5,942.28,19.5
14.52,-0.0,-0.02,7.81,-3.89,-4.2,3.56,611.0,942.45,20.26
14.54,-0.13,-0.14,7.81,-1.18,-1.14,-9.89,609.5,942.61,20.6
14.56,-0.02,0.32,7.81,1.47,1.08,-5.12,608.0,942.78,20.37
14.58,-0.07,0.08,7.81,-0.1,1.98,-7.1,606.5,942.95,20.63
14.6,0.06,-0.09,7.81,-0.34,2.99,-0.42,605.0,943.12,20.59
14.62,0.17,-0.14,7.81,-2.2,-2.91,-0.78,603.5,943.28,19.27
14.64,-0.23,0.05,7.81,-1.06,2.91,5.58,602.0,943.45,19.23
14.66,0.16,-0.28,7.81,0.68,-1.4,-12.1,600.5,943.62,20.8
14.68,0.46,0.28,7.81,-1.5,-1.64,5.72,599.0,943.79,19.33
14.7,-0.15,0.18,7.81,0.7,-1.47,-2.35,597.5,943.95,19.3
14.72,0.13,0.38,7.81,-2.04,-0.98,0.39,596.0,944.12,20.16
14.74,-0.06,0.07,7.81,0.64,-1.12,9.96,594.5,944.29,19.69
14.76,0.07,0.07,7.81,2.48,3.42,1.78,593.0,944.46,19.88
14.78,0.34,0.01,7.81,0.86,-3.31,7.4,591.5,944.63,19.47
14.8,0.42,-0.33,7.81,3.79,-2.16,3.67,590.0,944.79,20.24
14.82,-0.07,0.24,7.81,3.96,1.09,-4.44,588.5,944.96,19.95
14.84,-0.26,0.31,7.81,5.42,1.4,-3.09,587.0,945.13,19.29
14.86,0.03,0.06,7.81,0.72,1.86,-5.63,585.5,945.3,20.12
14.88,-0.04,0.18,7.81,-0.51,-4.77,2.0,584.0,945.47,19.21
14.9,-0.15,0.24,7.81,1.63,1.23,-4.8,582.5,945.64,19.67
14.92,0.3,0.08,7.81,-1.1,-1.17,-8.66,581.0,945.8,19.0
14.94,-0.26,-0.07,7.81,-1.08,1.75,5.04,579.5,945.97,20.89
14.96,0.24,0.0,7.81,4.38,0.14,-0.25,578.0,946.14,20.54
14.98,0.45,-0.1,7.81,-2.43,-1.43,-0.06,576.5,946.31,20.62
15.0,-0.08,0.06,7.81,0.95,1.87,4.5,575.0,946.48,20.89
15.02,0.21,-0.07,7.81,-0.94,3.75,1.58,573.5,946.64,19.53
15.04,0.11,0.16,7.81,2.69,-0.1,6.48,572.0,946.81,20.36
15.06,0.3,0.09,7.81,-1.3,-0.55,-1.15,570.5,946.98,19.49
15.08,-0.17,-0.32,7.81,-1.26,-0.8,2.73,569.0,947.15,19.65
15.1,-0.04,-0.02,7.81,0.77,-0.5,-5.51,567.5,947.32,20.04
15.12,-0.16,0.51,7.81,3.74,-0.34,1.55,566.0,947.49,20.57
15.14,0.02,0.11,7.81,-1.85,2.42,4.35,564.5,947.66,20.28
15.16,-0.01,-0.01,7.81,2.83,1.3,-3.53,563.0,947.82,19.78
15.18,-0.03,0.31,7.81,-2.75,-0.65,-0.96,561.5,947.99,20.62
15.2,-0.05,0.28,7.81,1.28,4.34,-1.26,560.0,948.16,20.99
15.22,0.53,0.25,7.81,0.51,-1.03,-4.64,558.5,948.33,19.88
15.24,0.12,-0.05,7.81,-2.08,-0.94,-2.83,557.0,948.5,19.77
15.26,-0.12,-0.15,7.81,0.33,-0.71,5.13,555.5,948.67,19.05
15.28,0.02,0.19,7.81,-2.08,1.03,-7.13,554.0,948.84,20.49
15.3,-0.08,0.07,7.81,2.85,1.18,0.89,552.5,949.0,20.12
15.32,0.02,0.18,7.81,1.43,1.13,-5.53,551.0,949.17,20.73
15.34,-0.19,-0.05,7.81,-1.37,0.95,-8.56,549.5,949.34,19.59
15.36,0.01,-0.07,7.81,2.71,3.13,0.4,548.0,949.51,19.81
15.38,-0.21,0.09,7.81,-0.17,-2.64,1.46,546.5,949.68,19.77
15.4,0.1,0.0,7.81,3.49,1.4,10.09,545.0,949.85,20.38
15.42,-0.21,-0.07,7.81,3.4,-1.66,0.03,543.5,950.02,20.8
15.44,0.22,0.18,7.81,2.26,-0.38,0.06,542.0,950.19,20.28
15.46,0.16,0.08,7.81,5.64,-3.57,-1.01,540.5,950.36,19.88
15.48,0.0,0.23,7.81,-1.11,-2.49,3.55,539.0,950.52,19.34
15.5,-0.21,0.21,7.81,4.84,-0.9,-1.71,537.5,950.69,19.65
15.52,0.1,0.19,7.81,-0.62,-0.81,-4.44,536.0,950.86,19.6
15.54,-0.35,0.07,7.81,-1.08,0.27,-7.46,534.5,951.03,20.09
15.56,0.19,-0.17,7.81,-0.84,0.75,6.16,533.0,951.2,20.29
15.58,-0.1,0.06,7.81,0.02,-2.72,-1.41,531.5,951.37,20.15
15.6,-0.2,0.33,7.81,-1.86,0.45,7.4,530.0,951.54,20.36
15.62,0.11,0.0,7.81,0.12,-2.99,-4.65,528.5,951.71,20.18
15.64,0.0,-0.31,7.81,-0.35,-2.83,4.39,527.0,951.88,19.01
15.66,0.06,-0.08,7.81,0.63,-0.57,2.87,525.5,952.05,20.87
15.68,0.59,0.06,7.81,2.6,-1.23,-1.21,524.0,952.22,20.38
15.7,0.09,-0.03,7.81,-0.85,-2.32,3.87,522.5,952.39,20.07
15.72,0.0,-0.01,7.81,-0.32,0.93,5.08,521.0,952.56,19.36
15.74,0.31,0.19,7.81,-4.85,2.12,2.3,519.5,952.72,19.44
15.76,0.29,-0.03,7.81,0.85,1.6,0.36,518.0,952.89,20.7
15.78,-0.03,0.06,7.81,-0.5,-2.33,5.02,516.5,953.06,19.14
15.8,0.17,0.14,7.81,1.24,-1.95,-2.04,515.0,953.23,19.59
15.82,-0.46,-0.45,7.81,1.18,-2.34,-0.18,513.5,953.4,19.55
15.84,-0.25,0.09,7.81,0.56,-0.02,9.66,512.0,953.57,19.14
15.86,-0.14,0.22,7.81,0.93,1.23,-0.11,510.5,953.74,20.77
15.88,0.07,-0.1,7.81,-0.84,-1.28,-2.62,509.0,953.91,20.65
15.9,-0.22,-0.08,7.81,0.18,-4.79,5.81,507.5,954.08,19.46
15.92,-0.23,-0.39,7.81,-0.91,-0.88,2.83,506.0,954.25,20.3
15.94,0.33,-0.29,7.81,-3.64,-1.18,7.42,504.5,954.42,20.86
15.96,0.15,-0.13,7.81,-3.77,0.03,12.17,503.0,954.59,20.34
15.98,-0.07,0.31,7.81,1.37,0.96,5.97,501.5,954.76,19.33
16.0,0.07,0.05,9.81,1.09,-0.27,-13.37,600,943.68,20.13
16.02,0.27,0.28,9.81,3.84,0.11,-4.96,600,943.68,20.75
16.04,0.09,-0.09,9.81,0.31,-2.36,-4.13,600,943.68,20.24
16.06,0.01,0.2,9.81,-1.59,1.52,12.26,600,943.68,19.8
16.08,0.27,0.36,9.81,-1.82,0.66,2.29,600,943.68,19.16
16.1,0.31,-0.03,9.81,-1.09,0.75,-8.63,600,943.68,19.36
16.12,-0.26,0.08,9.81,1.02,-0.73,-5.62,600,943.68,20.69
16.14,-0.03,0.17,9.81,-2.37,-0.11,12.23,600,943.68,19.91
16.16,-0.14,-0.09,9.81,-2.07,-3.31,-10.43,600,943.68,20.84
16.18,0.14,0.05,9.81,0.1,1.73,-3.98,600,943.68,20.63
16.2,-0.27,-0.2,9.81,-0.94,-0.2,-5.17,600,943.68,19.21
16.22,0.44,-0.22,9.81,-0.91,0.68,1.7,600,943.68,19.43
16.24,-0.01,-0.16,9.81,-2.02,-0.36,4.23,600,943.68,20.35
16.26,0.45,0.04,9.81,-0.44,0.11,2.5,600,943.68,19.18
16.28,-0.07,-0.4,9.81,-2.52,1.58,0.14,600,943.68,20.45
16.3,0.27,0.27,9.81,4.41,-0.9,2.4,600,943.68,20.15
16.32,-0.11,-0.07,9.81,-2.52,-3.05,4.5,600,943.68,20.79
16.34,0.06,0.22,9.81,0.72,-0.32,3.15,600,943.68,19.82
16.36,0.21,-0.11,9.81,-2.66,-0.11,3.1,600,943.68,19.02
16.38,0.16,-0.11,9.81,-0.18,0.69,2.36,600,943.68,20.42
16.4,0.12,0.17,9.81,-0.87,0.58,5.89,600,943.68,19.78
16.42,0.1,-0.38,9.81,4.13,1.89,5.2,600,943.68,19.41
16.44,0.16,0.33,9.81,1.38,1.33,-1.59,600,943.68,20.48
16.46,0.07,0.04,9.81,0.1,2.05,-3.54,600,943.68,19.2
16.48,0.11,-0.0,9.81,-0.51,0.3,2.02,600,943.68,19.67
16.5,-0.01,0.09,9.81,1.08,-1.68,5.16,600,943.68,20.78
16.52,-0.04,-0.06,9.81,-0.17,-0.92,3.46,600,943.68,19.71
16.54,-0.07,0.09,9.81,1.08,2.02,4.6,600,943.68,20.47
16.56,0.26,0.08,9.81,-1.26,-1.76,0.95,600,943.68,19.92
16.58,0.06,0.14,9.81,-2.05,-4.58,4.38,600,943.68,20.55
16.6,-0.04,-0.24,9.81,1.11,-1.58,4.82,600,943.68,19.49
16.62,-0.07,0.14,9.81,-1.27,0.43,3.31,600,943.68,19.74
16.64,0.02,-0.08,9.81,-1.07,2.01,5.27,600,943.68,20.71
16.66,-0.16,-0.12,9.81,0.0,0.1,-2.32,600,943.68,20.75
16.68,-0.16,0.11,9.81,0.22,1.54,-0.47,600,943.68,20.2
16.7,0.07,0.0,9.81,1.15,-1.65,3.98,600,943.68,20.3
16.72,-0.01,-0.11,9.81,-3.12,1.61,1.49,600,943.68,20.16
16.74,0.03,0.08,9.81,-1.5,-2.53,-5.26,600,943.68,19.87
16.76,0.11,-0.07,9.81,-4.17,2.51,-5.19,600,943.68,20.23
16.78,-0.17,-0.04,9.81,3.05,2.43,5.32,600,943.68,20.3
16.8,0.13,0.08,9.81,1.87,0.85,1.7,600,943.68,19.15
16.82,0.39,0.29,9.81,0.04,-1.98,-2.17,600,943.68,20.57
16.84,0.14,0.13,9.81,0.2,1.19,0.94,600,943.68,19.02
16.86,0.13,0.2,9.81,1.77,-2.91,2.19,600,943.68,19.91
16.88,-0.08,0.33,9.81,-0.13,1.14,7.08,600,943.68,20.45
16.9,-0.05,-0.13,9.81,3.33,1.06,-0.28,600,943.68,19.59
16.92,0.32,-0.3,9.81,2.26,-0.94,-1.78,600,943.68,19.45
16.94,-0.13,-0.21,9.81,3.03,-0.78,10.08,600,943.68,20.74
16.96,0.21,-0.56,9.81,-0.91,0.02,6.22,600,943.68,19.98
16.98,0.03,0.31,9.81,-0.51,1.6,1.09,600,943.68,21.0
17.0,-0.19,0.08,9.81,0.69,-0.57,7.1,600,943.68,20.6
17.02,0.2,-0.11,9.81,-1.08,0.51,4.16,600,943.68,19.86
17.04,0.19,-0.09,9.81,0.94,-2.73,-1.28,600,943.68,20.59
17.06,0.23,0.15,9.81,1.77,3.99,2.38,600,943.68,20.44
17.08,0.01,-0.07,9.81,-0.21,-0.52,3.79,600,943.68,20.67
17.1,0.01,-0.05,9.81,-0.75,-0.05,-2.48,600,943.68,20.74
17.12,-0.23,0.24,9.81,-4.11,-1.18,-3.12,600,943.68,19.59
17.14,0.22,-0.18,9.81,-0.59,3.46,1.45,600,943.68,19.85
17.16,0.29,-0.08,9.81,-1.7,0.79,-0.59,600,943.68,20.84
17.18,-0.03,-0.26,9.81,0.91,2.39,3.57,600,943.68,20.81
17.2,0.09,0.03,9.81,0.87,1.36,1.8,600,943.68,20.06
17.22,-0.19,0.11,9.81,-2.16,-1.74,0.73,600,943.68,20.25
17.24,0.19,0.16,9.81,-0.5,-0.52,-1.48,600,943.68,19.04
17.26,0.54,0.13,9.81,-0.47,0.94,-8.38,600,943.68,19.23
17.28,-0.16,0.11,9.81,-0.25,-2.47,-6.32,600,943.68,20.11
17.3,-0.34,0.1,9.81,-0.3,-1.24,-1.77,600,943.68,19.81
17.32,-0.4,0.07,9.81,2.03,-0.98,0.36,600,943.68,19.44
17.34,0.04,-0.21,9.81,-1.31,-0.15,3.58,600,943.68,20.45
17.36,0.01,0.06,9.81,-0.29,1.01,-3.45,600,943.68,19.25
17.38,0.17,-0.04,9.81,-0.41,-3.13,-4.03,600,943.68,19.47
17.4,-0.06,0.01,9.81,2.17,1.8,-1.56,600,943.68,19.69
17.42,0.0,-0.29,9.81,0.79,0.95,6.6,600,943.68,19.72
17.44,0.05,-0.19,9.81,-1.17,-1.52,2.44,600,943.68,19.53
17.46,-0.21,-0.02,9.81,2.12,-0.44,0.48,600,943.68,20.92
17.48,0.5,0.14,9.81,0.55,-0.47,0.19,600,943.68,20.59
17.5,0.22,0.02,9.81,-6.53,-0.01,3.27,600,943.68,19.99
17.52,0.21,0.15,9.81,1.13,0.59,-3.75,600,943.68,20.2
17.54,0.04,-0.13,9.81,0.0,-2.47,-3.31,600,943.68,19.35
17.56,-0.26,-0.14,9.81,2.33,2.21,5.52,600,943.68,20.84
17.58,0.03,-0.15,9.81,1.56,1.6,2.0,600,943.68,20.74
17.6,0.05,-0.17,9.81,0.02,1.43,-3.76,600,943.68,19.55
17.62,0.03,0.12,9.81,-0.88,-1.86,2.86,600,943.68,19.21
17.64,-0.09,0.11,9.81,2.67,-1.28,4.28,600,943.68,19.11
17.66,0.02,0.14,9.81,-0.41,0.73,2.98,600,943.68,20.56
17.68,0.2,-0.07,9.81,-0.49,-1.35,5.58,600,943.68,19.52
17.7,-0.08,0.29,9.81,0.65,2.36,6.81,600,943.68,20.16
17.72,0.32,0.48,9.81,-3.28,1.91,-0.6,600,943.68,19.43
17.74,-0.11,-0.11,9.81,-0.26,1.3,0.73,600,943.68,20.98
17.76,0.24,-0.01,9.81,-1.94,1.1,3.6,600,943.68,19.09
17.78,-0.47,0.24,9.81,0.18,-2.97,5.95,600,943.68,19.96
17.8,-0.1,0.29,9.81,1.47,0.55,-4.47,600,943.68,19.45
17.82,0.07,0.15,9.81,1.36,0.59,-3.04,600,943.68,20.6
17.84,0.1,-0.06,9.81,-1.67,0.63,-2.27,600,943.68,20.98
17.86,-0.07,-0.1,9.81,2.06,5.41,-7.8,600,943.68,20.54
17.88,-0.09,0.04,9.81,-2.02,2.17,-5.89,600,943.68,19.77
17.9,-0.07,-0.35,9.81,-2.44,1.03,6.06,600,943.68,20.39
17.92,-0.06,0.23,9.81,-1.65,-0.41,3.42,600,943.68,19.84
17.94,-0.02,0.12,9.81,0.18,2.0,-9.79,600,943.68,20.19
17.96,0.12,-0.19,9.81,-2.92,0.52,1.49,600,943.68,19.5
17.98,-0.11,0.39,9.81,0.51,-1.79,7.49,600,943.68,20.87
18.0,-0.09,-0.28,9.81,0.13,1.82,5.9,600,943.68,19.81
18.02,0.08,-0.31,9.81,-1.84,1.46,-12.0,600,943.68,20.66
18.04,0.06,-0.28,9.81,-2.81,-0.69,-10.24,600,943.68,19.19
18.06,0.14,0.45,9.81,-1.28,-0.57,-0.15,600,943.68,19.07
18.08,0.03,-0.14,9.81,-0.78,-1.73,0.96,600,943.68,20.32
18.1,-0.27,0.06,9.81,1.48,2.47,4.48,600,943.68,19.97
18.12,0.01,0.1,9.81,5.33,-1.23,-0.1,600,943.68,19.77
18.14,0.03,0.24,9.81,2.9,0.44,8.25,600,943.68,20.39
18.16,0.62,-0.05,9.81,1.69,-2.36,-2.76,600,943.68,20.66
18.18,0.2,0.03,9.81,0.34,-1.95,4.31,600,943.68,20.38
18.2,-0.31,0.08,9.81,-0.37,-0.67,-6.41,600,943.68,20.63
18.22,-0.1,-0.05,9.81,-3.24,0.41,7.5,600,943.68,20.32
18.24,0.1,-0.07,9.81,0.66,-1.35,0.7,600,943.68,20.29
18.26,-0.13,-0.1,9.81,-1.66,-1.33,-3.49,600,943.68,20.89
18.28,0.23,-0.22,9.81,1.4,-1.55,-8.93,600,943.68,19.75
18.3,0.17,0.17,9.81,2.83,-1.64,-8.73,600,943.68,19.97
18.32,-0.43,0.21,9.81,1.31,0.92,3.61,600,943.68,19.4
18.34,0.33,-0.04,9.81,-1.78,-0.89,-1.92,600,943.68,19.66
18.36,-0.39,0.37,9.81,2.16,-2.2,-6.48,600,943.68,19.32
18.38,-0.34,0.01,9.81,-0.29,1.86,-0.18,600,943.68,20.36
18.4,0.21,-0.2,9.81,-0.61,1.5,-6.16,600,943.68,19.74
18.42,0.02,-0.03,9.81,1.34,-3.62,5.17,600,943.68,19.18
18.44,-0.17,-0.05,9.81,0.56,0.67,-2.06,600,943.68,20.79
18.46,-0.04,0.22,9.81,0.76,-1.14,-1.21,600,943.68,19.32
18.48,-0.19,0.02,9.81,2.62,0.21,2.38,600,943.68,20.69
18.5,-0.16,-0.14,9.81,-3.12,-0.82,1.09,600,943.68,19.42
18.52,-0.06,-0.01,9.81,2.32,-0.03,-3.26,600,943.68,20.73
18.54,0.07,-0.19,9.81,0.69,-1.01,-0.68,600,943.68,20.28
18.56,-0.27,0.21,9.81,-0.64,-2.81,-7.58,600,943.68,20.71
18.58,-0.05,-0.02,9.81,0.51,1.3,5.49,600,943.68,20.55
18.6,0.26,-0.01,9.81,-0.53,-0.05,4.51,600,943.68,19.56
18.62,-0.29,-0.34,9.81,-0.49,-0.37,-3.6,600,943.68,19.62
18.64,-0.03,0.05,9.81,1.03,5.93,3.47,600,943.68,19.48
18.66,-0.11,0.14,9.81,-0.53,2.46,1.17,600,943.68,20.62
18.68,0.0,-0.6,9.81,3.92,-1.59,-2.43,600,943.68,19.9
18.7,-0.01,0.01,9.81,1.35,0.52,6.52,600,943.68,20.91
18.72,-0.28,-0.01,9.81,3.25,-3.28,-2.75,600,943.68,20.01
18.74,0.15,-0.13,9.81,-1.85,4.75,0.36,600,943.68,20.32
18.76,0.01,-0.32,9.81,1.03,0.3,4.16,600,943.68,19.3
18.78,-0.13,-0.08,9.81,0.82,-1.8,2.36,600,943.68,20.27
18.8,-0.01,0.24,9.81,0.56,-0.61,2.82,600,943.68,20.87
18.82,0.05,-0.15,9.81,3.35,0.74,1.89,600,943.68,19.51
18.84,0.24,-0.12,9.81,-0.38,1.93,2.28,600,943.68,19.38
18.86,0.13,0.06,9.81,2.83,2.74,13.11,600,943.68,20.02
18.88,-0.17,-0.24,9.81,-1.32,0.92,4.08,600,943.68,19.08
18.9,-0.31,0.34,9.81,1.34,-3.37,-4.76,600,943.68,19.41
18.92,-0.18,0.34,9.81,1.39,-1.79,3.67,600,943.68,20.47
18.94,0.57,-0.11,9.81,1.3,-4.52,9.18,600,943.68,20.43
18.96,0.02,0.3,9.81,-0.89,-1.21,0.61,600,943.68,20.13
18.98,-0.18,0.12,9.81,-1.12,-1.02,-4.21,600,943.68,20.74
19.0,-0.2,0.06,9.81,-1.38,1.28,0.17,600,943.68,20.87
19.02,-0.27,0.02,9.81,1.73,1.57,4.19,600,943.68,19.63
19.04,-0.01,-0.26,9.81,-4.65,-0.66,-4.3,600,943.68,20.44
19.06,-0.02,0.03,9.81,1.28,0.63,-2.99,600,943.68,19.18
19.08,0.02,-0.13,9.81,0.84,2.57,0.3,600,943.68,19.68
19.1,-0.21,-0.25,9.81,0.52,1.58,-5.35,600,943.68,19.03
19.12,0.16,0.23,9.81,3.02,-5.07,-4.94,600,943.68,20.4
19.14,0.14,-0.18,9.81,-0.35,-0.41,4.92,600,943.68,19.93
19.16,-0.14,-0.27,9.81,-1.12,0.97,-0.62,600,943.68,19.16
19.18,0.0,0.22,9.81,-2.84,3.55,-10.39,600,943.68,19.05
19.2,-0.17,-0.26,9.81,-0.38,-2.3,7.6,600,943.68,19.49
19.22,-0.42,0.0,9.81,-1.2,-0.89,-0.64,600,943.68,20.84
19.24,-0.13,-0.16,9.81,-0.69,3.26,3.54,600,943.68,20.73
19.26,-0.0,-0.24,9.81,2.26,0.78,3.82,600,943.68,20.51
19.28,-0.25,-0.05,9.81,-0.87,-1.53,-5.17,600,943.68,19.83
19.3,-0.08,0.23,9.81,-2.1,-2.59,4.98,600,943.68,19.96
19.32,-0.04,0.11,9.81,0.92,-0.35,-3.77,600,943.68,19.07
19.34,0.05,-0.08,9.81,1.1,-0.4,0.66,600,943.68,20.78
19.36,-0.05,-0.11,9.81,-1.27,1.77,1.2,600,943.68,20.41
19.38,0.06,0.18,9.81,0.36,0.81,-1.52,600,943.68,20.48
19.4,-0.09,-0.03,9.81,2.71,-0.39,-6.15,600,943.68,19.83
19.42,0.2,-0.02,9.81,-2.46,-0.0,0.74,600,943.68,19.26
19.44,0.01,0.19,9.81,2.28,2.48,-0.38,600,943.68,20.05
19.46,-0.17,-0.18,9.81,2.68,5.79,1.09,600,943.68,19.03
19.48,0.2,0.2,9.81,-0.57,1.53,-0.61,600,943.68,20.14
19.5,0.09,-0.31,9.81,0.94,-1.93,5.88,600,943.68,20.04
19.52,-0.02,0.01,9.81,-1.49,1.35,5.64,600,943.68,19.46
19.54,-0.03,0.38,9.81,0.49,-1.51,-4.2,600,943.68,20.55
19.56,0.02,-0.02,9.81,3.75,0.19,-3.62,600,943.68,19.65
19.58,0.07,-0.02,9.81,-0.43,-0.3,-1.27,600,943.68,19.98
19.6,0.25,0.21,9.81,1.23,-1.03,-4.26,600,943.68,20.61
19.62,-0.1,-0.09,9.81,-0.07,0.93,-2.49,600,943.68,19.63
19.64,0.13,0.21,9.81,-1.41,0.2,-0.67,600,943.68,20.46
19.66,-0.24,0.33,9.81,-2.67,2.61,2.53,600,943.68,19.08
19.68,-0.4,0.14,9.81,-0.87,-0.29,6.05,600,943.68,20.12
19.7,0.16,-0.27,9.81,-0.53,-0.99,2.57,600,943.68,20.53
19.72,0.03,0.0,9.81,0.38,4.75,0.3,600,943.68,20.22
19.74,0.11,0.08,9.81,-0.79,1.44,0.34,600,943.68,19.21
19.76,0.29,0.04,9.81,1.44,2.91,0.06,600,943.68,20.84
19.78,-0.01,0.17,9.81,0.79,0.2,2.09,600,943.68,19.5
19.8,0.02,0.02,9.81,-2.29,-2.12,5.05,600,943.68,20.32
19.82,-0.16,0.05,9.81,-0.54,2.23,-1.42,600,943.68,19.07
19.84,0.2,-0.07,9.81,1.14,-1.86,3.4,600,943.68,20.08
19.86,0.22,0.23,9.81,-1.38,-2.65,-0.6,600,943.68,20.92
19.88,0.2,0.2,9.81,2.97,1.01,2.59,600,943.68,20.3
19.9,0.27,-0.34,9.81,0.65,-0.83,-0.86,600,943.68,20.41
19.92,0.02,-0.07,9.81,2.51,0.4,-0.25,600,943.68,20.4
19.94,-0.2,-0.22,9.81,-0.78,-0.14,1.18,600,943.68,20.59
19.96,0.18,0.29,9.81,-0.06,-0.39,3.4,600,943.68,20.42
19.98,-0.34,-0.02,9.81,1.11,-0.7,0.45,600,943.68,20.42
20.0,-0.06,-0.16,9.81,-3.06,-1.7,2.74,600,943.68,19.08
20.02,0.17,0.29,9.81,0.8,-2.13,6.05,600,943.68,19.37
20.04,-0.05,-0.22,9.81,0.01,-0.58,-1.51,600,943.68,19.25
20.06,-0.12,0.11,9.81,-0.86,3.44,-4.19,600,943.68,20.97
20.08,0.07,0.09,9.81,0.33,1.09,4.97,600,943.68,20.72
20.1,-0.04,-0.11,9.81,0.26,0.57,-0.27,600,943.68,20.97
20.12,0.38,-0.03,9.81,3.49,-1.53,-3.67,600,943.68,20.39
20.14,0.13,-0.14,9.81,-2.07,-2.83,-5.84,600,943.68,20.47
20.16,0.08,0.25,9.81,-2.87,-0.6,-2.78,600,943.68,20.45
20.18,-0.03,0.16,9.81,-2.9,1.41,12.35,600,943.68,19.11
20.2,-0.02,0.25,9.81,-0.98,-1.04,-2.01,600,943.68,19.9
20.22,0.07,0.21,9.81,0.13,0.9,-4.01,600,943.68,19.83
20.24,-0.01,-0.27,9.81,-0.44,0.53,2.52,600,943.68,20.15
20.26,-0.22,-0.08,9.81,1.69,0.24,-1.74,600,943.68,19.38
20.28,-0.13,0.21,9.81,0.57,-1.93,-3.43,600,943.68,19.08
20.3,-0.27,-0.03,9.81,1.19,-2.02,-0.96,600,943.68,20.65
20.32,-0.35,-0.22,9.81,-0.74,-3.1,-3.69,600,943.68,20.68
20.34,0.03,-0.1,9.81,0.83,-0.87,1.53,600,943.68,19.35
20.36,-0.07,0.52,9.81,-0.83,3.31,3.94,600,943.68,19.5
20.38,-0.13,-0.15,9.81,2.48,4.82,1.72,600,943.68,20.57
20.4,-0.02,-0.05,9.81,0.88,0.9,-8.19,600,943.68,19.32
20.42,0.52,-0.34,9.81,0.31,1.35,-0.3,600,943.68,19.18
20.44,-0.16,-0.25,9.81,1.61,-1.95,-0.6,600,943.68,20.37
20.46,-0.22,0.05,9.81,-1.99,-1.93,7.07,600,943.68,19.2
20.48,-0.16,0.18,9.81,1.75,-0.66,-2.4,600,943.68,19.25
20.5,0.36,0.11,9.81,-3.18,0.16,-2.56,600,943.68,20.5
20.52,-0.01,-0.22,9.81,2.35,1.11,-3.98,600,943.68,19.4
20.54,0.09,0.19,9.81,2.1,-2.52,-4.3,600,943.68,20.03
20.56,0.17,-0.06,9.81,0.36,-2.5,1.3,600,943.68,20.14
20.58,0.03,-0.06,9.81,0.22,0.27,-0.85,600,943.68,20.66
20.6,0.11,0.11,9.81,-1.01,-1.05,2.45,600,943.68,19.91
20.62,-0.22,0.59,9.81,0.98,1.89,-2.07,600,943.68,19.46
20.64,-0.16,0.12,9.81,2.58,-3.79,-6.55,600,943.68,19.4
20.66,0.27,0.29,9.81,2.12,1.19,-2.2,600,943.68,19.99
20.68,0.09,-0.08,9.81,1.06,-1.29,-1.16,600,943.68,20.54
20.7,0.27,-0.27,9.81,4.27,0.3,0.42,600,943.68,20.06
20.72,0.08,-0.18,9.81,0.41,2.84,14.59,600,943.68,19.89
20.74,-0.04,0.06,9.81,0.24,1.9,0.69,600,943.68,19.43
20.76,0.02,-0.26,9.81,-0.93,0.96,0.93,600,943.68,20.79
20.78,0.14,0.21,9.81,-1.15,1.4,-0.95,600,943.68,20.8
20.8,-0.14,-0.46,9.81,-0.9,0.05,7.63,600,943.68,20.61
20.82,0.21,0.34,9.81,1.58,-0.9,-1.41,600,943.68,20.47
20.84,0.06,-0.13,9.81,0.7,-2.69,-1.49,600,943.68,20.73
20.86,-0.05,0.29,9.81,-1.77,2.18,-4.3,600,943.68,20.98
20.88,-0.07,0.19,9.81,2.66,-0.0,7.01,600,943.68,19.56
20.9,0.16,-0.11,9.81,1.1,4.75,-2.05,600,943.68,19.0
20.92,0.07,-0.2,9.81,-0.23,1.4,2.93,600,943.68,19.47
20.94,0.01,-0.05,9.81,1.03,-0.73,-3.32,600,943.68,19.73
20.96,-0.26,0.1,9.81,2.02,-1.06,4.14,600,943.68,20.71
20.98,0.03,0.24,9.81,0.31,-0.77,-4.77,600,943.68,20.9
21.0,-0.19,0.21,9.81,-0.51,-1.91,5.15,600,943.68,19.12
21.02,-0.25,0.15,9.81,1.81,0.43,-2.02,600,943.68,20.53
21.04,-0.28,-0.04,9.81,1.06,2.44,-6.01,600,943.68,19.66
21.06,-0.18,0.26,9.81,-0.18,2.44,-2.62,600,943.68,19.99
21.08,0.31,-0.19,9.81,-4.81,-2.65,0.99,600,943.68,19.09
21.1,0.11,0.18,9.81,3.26,1.09,5.12,600,943.68,19.36
21.12,0.07,0.08,9.81,-0.3,2.31,-4.62,600,943.68,19.92
21.14,-0.09,-0.26,9.81,-3.9,2.11,-4.36,600,943.68,19.12
21.16,0.26,-0.07,9.81,1.15,1.02,4.27,600,943.68,19.55
21.18,-0.17,0.06,9.81,-1.68,0.53,5.56,600,943.68,20.77
21.2,0.01,-0.27,9.81,-1.92,0.63,-3.08,600,943.68,20.15
21.22,0.17,-0.07,9.81,1.37,-1.51,5.0,600,943.68,20.11
21.24,-0.3,0.01,9.81,-0.81,-0.72,-0.13,600,943.68,19.68
21.26,-0.12,0.23,9.81,-0.04,-2.96,4.0,600,943.68,20.6
21.28,-0.06,-0.32,9.81,2.76,-1.0,0.35,600,943.68,20.97
21.3,0.16,0.0,9.81,-0.98,-0.45,-3.35,600,943.68,19.2
21.32,0.0,-0.05,9.81,-0.1,1.0,-9.82,600,943.68,20.78
21.34,0.04,-0.04,9.81,1.23,3.14,1.03,600,943.68,19.81
21.36,-0.02,0.07,9.81,1.12,-1.89,2.07,600,943.68,20.6
21.38,0.35,-0.3,9.81,-0.19,1.03,-5.28,600,943.68,20.46
21.4,0.07,0.06,9.81,2.51,-0.06,-5.39,600,943.68,19.59
21.42,-0.37,-0.14,9.81,1.15,-4.06,-1.49,600,943.68,20.32
21.44,-0.18,0.1,9.81,0.46,-0.62,-3.35,600,943.68,19.83
21.46,0.07,0.1,9.81,0.8,0.65,3.09,600,943.68,20.8
21.48,-0.03,-0.14,9.81,-1.22,0.14,-6.34,600,943.68,20.03
21.5,0.25,0.08,9.81,-0.22,-0.41,-6.96,600,943.68,20.64
21.52,0.35,0.27,9.81,-1.64,-1.23,-8.33,600,943.68,19.23
21.54,-0.0,-0.24,9.81,0.32,-1.59,-6.95,600,943.68,19.24
21.56,-0.02,0.05,9.81,1.15,0.66,-5.44,600,943.68,20.31
21.58,0.1,-0.17,9.81,-0.47,1.26,7.02,600,943.68,20.43
21.6,0.17,0.07,9.81,-0.33,-3.77,0.69,600,943.68,19.21
21.62,0.03,0.13,9.81,1.19,2.25,1.76,600,943.68,19.75
21.64,-0.31,-0.22,9.81,-0.84,-1.99,-1.1,600,943.68,19.8
21.66,0.41,-0.11,9.81,0.04,-0.21,2.45,600,943.68,20.61
21.68,0.18,-0.21,9.81,-2.73,-0.88,-1.84,600,943.68,20.09
21.7,0.03,0.03,9.81,-0.28,1.88,1.61,600,943.68,20.13
21.72,0.4,0.04,9.81,1.09,2.44,-8.78,600,943.68,19.49
21.74,0.23,0.23,9.81,1.17,1.73,-8.39,600,943.68,20.53
21.76,-0.17,0.02,9.81,-0.21,-0.95,7.96,600,943.68,20.95
21.78,-0.4,-0.51,9.81,0.09,1.07,3.87,600,943.68,19.88
21.8,-0.03,-0.33,9.81,0.47,1.16,6.38,600,943.68,19.91
21.82,-0.07,0.23,9.81,-0.68,-0.86,3.91,600,943.68,20.16
21.84,-0.27,0.15,9.81,-0.83,-2.74,9.41,600,943.68,20.35
21.86,-0.13,-0.02,9.81,0.74,2.3,-0.25,600,943.68,19.85
21.88,-0.27,-0.07,9.81,3.85,-2.0,-0.26,600,943.68,20.47
21.9,-0.02,0.1,9.81,-2.9,-0.56,-5.69,600,943.68,19.72
21.92,0.0,0.02,9.81,0.16,-2.63,2.55,600,943.68,19.65
21.94,-0.19,0.11,9.81,1.63,2.4,0.34,600,943.68,19.62
21.96,0.07,0.42,9.81,-1.03,2.92,-1.51,600,943.68,19.6
21.98,0.06,0.29,9.81,-2.07,-0.65,-1.86,600,943.68,20.1
22.0,0.11,-0.03,9.81,1.01,-2.1,6.56,600,943.68,19.6
22.02,-0.1,0.06,9.81,5.0,-0.36,2.97,600,943.68,20.36
22.04,0.02,0.04,9.81,-1.94,1.42,2.33,600,943.68,19.94
22.06,0.04,-0.04,9.81,-1.16,0.14,-1.06,600,943.68,20.38
22.08,-0.21,0.12,9.81,3.23,-2.04,-7.47,600,943.68,20.81
22.1,0.08,0.23,9.81,-0.07,1.68,-0.62,600,943.68,19.46
22.12,0.08,0.03,9.81,5.54,1.24,5.98,600,943.68,19.42
22.14,-0.19,-0.32,9.81,2.57,-0.42,4.11,600,943.68,20.94
22.16,-0.43,-0.1,9.81,-7.05,-1.96,1.62,600,943.68,20.99
22.18,0.18,0.13,9.81,3.22,3.06,1.66,600,943.68,20.88
22.2,-0.12,0.1,9.81,-2.31,-1.67,1.21,600,943.68,19.84
22.22,-0.37,0.26,9.81,2.71,0.06,-2.63,600,943.68,19.87
22.24,-0.09,-0.04,9.81,-1.26,0.27,7.97,600,943.68,19.72
22.26,0.05,0.13,9.81,-1.83,3.4,-4.84,600,943.68,20.6
22.28,-0.21,0.09,9.81,-0.92,2.73,0.26,600,943.68,20.08
22.3,0.3,0.14,9.81,0.25,0.85,-10.76,600,943.68,20.67
22.32,-0.22,0.1,9.81,-0.72,-1.06,-5.55,600,943.68,19.48
22.34,-0.27,-0.08,9.81,-1.14,1.44,5.77,600,943.68,20.02
22.36,-0.17,-0.02,9.81,3.64,4.08,0.14,600,943.68,20.84
22.38,-0.08,0.02,9.81,-1.54,1.96,4.3,600,943.68,19.2
22.4,-0.55,0.52,9.81,0.22,0.28,-2.48,600,943.68,19.9
22.42,-0.61,0.19,9.81,-0.45,1.51,0.7,600,943.68,19.99
22.44,0.18,0.08,9.81,2.89,1.41,-4.47,600,943.68,20.55
22.46,0.09,-0.57,9.81,-0.7,0.67,-2.11,600,943.68,19.76
22.48,-0.22,-0.03,9.81,0.53,0.07,2.96,600,943.68,19.7
22.5,-0.2,-0.16,9.81,0.03,0.35,-6.66,600,943.68,19.39
22.52,0.32,0.21,9.81,-2.37,-0.21,-12.0,600,943.68,20.39
22.54,0.33,0.05,9.81,-2.73,-0.66,-0.82,600,943.68,19.48
22.56,-0.06,0.1,9.81,1.11,0.19,2.19,600,943.68,20.6
22.58,-0.01,0.01,9.81,-1.03,0.47,7.98,600,943.68,20.38
22.6,-0.32,0.07,9.81,-0.42,-2.65,-0.55,600,943.68,19.06
22.62,-0.15,-0.03,9.81,-0.37,2.29,-6.71,600,943.68,19.21
22.64,-0.24,-0.22,9.81,-0.3,0.11,-7.22,600,943.68,19.71
22.66,-0.02,0.08,9.81,0.32,-4.32,-3.93,600,943.68,19.55
22.68,-0.35,-0.21,9.81,2.71,1.41,-3.75,600,943.68,19.56
22.7,0.05,0.06,9.81,-1.61,0.96,-0.93,600,943.68,20.93
22.72,0.38,0.08,9.81,-0.17,2.15,-1.29,600,943.68,19.22
22.74,-0.04,-0.06,9.81,-4.33,0.13,-5.28,600,943.68,20.93
22.76,0.18,-0.28,9.81,-2.06,-1.98,-7.23,600,943.68,19.33
22.78,-0.09,-0.35,9.81,0.42,-0.75,-2.03,600,943.68,20.68
22.8,-0.03,-0.04,9.81,1.14,3.16,5.75,600,943.68,19.11
22.82,0.41,-0.05,9.81,-3.5,-1.19,5.36,600,943.68,19.7
22.84,0.05,0.38,9.81,-3.21,-2.93,3.68,600,943.68,20.9
22.86,-0.32,-0.36,9.81,1.27,0.4,1.67,600,943.68,19.73
22.88,-0.16,0.06,9.81,0.92,-2.98,-9.37,600,943.68,19.79
22.9,0.07,0.25,9.81,-0.04,1.17,-3.28,600,943.68,20.31
22.92,-0.07,0.01,9.81,-1.61,0.11,7.05,600,943.68,19.44
22.94,-0.13,0.48,9.81,-1.43,0.33,-4.23,600,943.68,20.48
22.96,-0.09,0.07,9.81,-1.42,-1.63,2.02,600,943.68,19.51
22.98,-0.03,0.1,9.81,-0.88,0.49,-3.96,600,943.68,20.86
23.0,-0.3,-0.11,9.81,2.32,1.05,-5.63,600,943.68,20.28
23.02,0.0,0.14,9.81,2.14,1.41,7.64,600,943.68,19.57
23.04,-0.03,-0.01,9.81,-1.35,0.46,-8.82,600,943.68,20.18
23.06,0.29,-0.07,9.81,2.58,2.4,-6.9,600,943.68,20.22
23.08,0.11,0.14,9.81,2.08,0.39,1.9,600,943.68,20.55
23.1,0.24,0.01,9.81,2.63,-0.93,4.28,600,943.68,20.02
23.12,-0.26,0.17,9.81,1.04,-0.36,1.44,600,943.68,20.5
23.14,0.21,0.23,9.81,-1.38,-0.16,-5.37,600,943.68,20.97
23.16,0.13,-0.06,9.81,2.1,0.6,-9.07,600,943.68,20.71
23.18,-0.39,-0.09,9.81,-3.43,-1.59,-2.21,600,943.68,19.6
23.2,-0.14,-0.3,9.81,-0.6,-0.27,-10.25,600,943.68,19.75
23.22,0.02,-0.14,9.81,2.79,-1.8,9.63,600,943.68,20.78
23.24,-0.01,0.36,9.81,2.34,-1.5,6.26,600,943.68,20.7
23.26,0.04,0.09,9.81,-0.2,-0.62,-8.11,600,943.68,19.73
23.28,-0.05,0.25,9.81,-1.84,-0.49,-6.39,600,943.68,19.12
23.3,0.41,0.18,9.81,-3.28,0.14,-11.18,600,943.68,20.98
23.32,0.05,-0.32,9.81,1.67,-4.16,-2.5,600,943.68,19.15
23.34,0.41,0.04,9.81,1.02,3.25,3.12,600,943.68,20.58
23.36,-0.05,0.12,9.81,2.26,1.92,-1.9,600,943.68,19.13
23.38,-0.05,0.26,9.81,-1.13,1.91,8.23,600,943.68,20.3
23.4,0.15,0.02,9.81,0.54,0.85,-2.82,600,943.68,19.77
23.42,0.43,-0.16,9.81,-0.37,-0.18,-10.53,600,943.68,19.28
23.44,0.04,0.34,9.81,-0.01,-0.33,-2.24,600,943.68,20.54
23.46,0.15,0.12,9.81,1.37,-1.09,2.32,600,943.68,20.14
23.48,0.25,-0.11,9.81,1.68,0.7,-0.29,600,943.68,20.72
23.5,-0.16,0.06,9.81,-0.99,0.25,-4.82,600,943.68,19.37
23.52,0.43,-0.13,9.81,0.67,4.53,-4.23,600,943.68,19.14
23.54,0.41,0.19,9.81,0.02,1.62,-0.59,600,943.68,19.26
23.56,-0.07,0.37,9.81,-3.5,1.04,-9.36,600,943.68,19.99
23.58,-0.09,-0.16,9.81,-1.24,-1.2,-1.25,600,943.68,20.86
23.6,-0.21,-0.26,9.81,-0.93,-1.87,3.04,600,943.68,19.61
23.62,-0.05,-0.11,9.81,-3.84,0.76,6.54,600,943.68,20.44
23.64,-0.11,0.07,9.81,-2.07,0.4,3.76,600,943.68,19.05
23.66,0.23,0.33,9.81,4.28,0.31,-4.1,600,943.68,20.58
23.68,0.03,-0.18,9.81,-3.3,1.73,5.02,600,943.68,20.07
23.7,-0.12,-0.42,9.81,-0.02,3.94,-11.2,600,943.68,19.55
23.72,-0.27,-0.1,9.81,-0.46,-1.28,-0.51,600,943.68,19.5
23.74,0.13,0.01,9.81,3.26,1.64,-1.95,600,943.68,20.06
23.76,-0.08,-0.12,9.81,0.61,0.89,6.82,600,943.68,20.0
23.78,0.02,0.05,9.81,-1.35,-4.06,8.02,600,943.68,20.59
23.8,0.16,-0.32,9.81,-1.28,0.07,-4.73,600,943.68,20.68
23.82,0.02,0.04,9.81,-1.94,-1.19,-2.73,600,943.68,19.96
23.84,-0.01,-0.08,9.81,5.03,-0.18,0.47,600,943.68,20.21
23.86,0.07,0.14,9.81,1.62,1.13,-1.12,600,943.68,20.99
23.88,0.11,-0.27,9.81,2.42,-2.26,3.84,600,943.68,19.39
23.9,0.11,0.17,9.81,1.81,-1.38,-5.03,600,943.68,19.17
23.92,0.4,0.23,9.81,-3.47,-1.14,-6.52,600,943.68,20.01
23.94,-0.37,-0.04,9.81,-0.95,0.32,0.83,600,943.68,20.45
23.96,-0.45,-0.22,9.81,-0.38,-0.26,-6.92,600,943.68,19.29
23.98,0.08,0.02,9.81,-3.19,-1.37,3.01,600,943.68,19.96
24.0,-0.26,-0.15,9.81,5.13,4.37,-9.84,600,943.68,19.95
24.02,-0.22,-0.25,9.81,0.13,-0.97,-1.7,600,943.68,19.15
24.04,-0.33,-0.2,9.81,1.49,1.57,5.21,600,943.68,20.03
24.06,0.11,0.04,9.81,-0.13,-0.27,-1.73,600,943.68,19.92
24.08,0.04,0.12,9.81,-0.15,4.02,2.87,600,943.68,20.51
24.1,0.08,-0.1,9.81,-0.06,-0.85,5.87,600,943.68,19.28
24.12,0.22,-0.55,9.81,-0.51,1.8,0.18,600,943.68,20.8
24.14,0.39,0.1,9.81,-0.85,-1.05,8.49,600,943.68,19.83
24.16,0.03,0.15,9.81,0.76,2.86,2.41,600,943.68,19.8
24.18,0.15,-0.09,9.81,3.74,2.24,8.86,600,943.68,19.27
24.2,0.12,-0.08,9.81,-1.5,-0.84,2.8,600,943.68,19.46
24.22,-0.26,-0.06,9.81,3.56,-0.18,7.52,600,943.68,19.14
24.24,-0.05,0.14,9.81,-1.27,0.72,-4.81,600,943.68,20.54
24.26,0.25,-0.24,9.81,0.58,-1.16,-3.3,600,943.68,20.09
24.28,-0.15,-0.25,9.81,-1.83,0.49,1.41,600,943.68,19.82
24.3,0.04,-0.02,9.81,-0.09,0.27,1.11,600,943.68,20.73
24.32,-0.01,-0.09,9.81,1.49,3.0,1.82,600,943.68,20.55
24.34,-0.0,-0.11,9.81,1.23,1.71,-1.21,600,943.68,19.32
24.36,-0.21,-0.34,9.81,-0.68,-2.38,-5.38,600,943.68,19.51
24.38,-0.07,0.41,9.81,0.47,1.16,-0.19,600,943.68,20.18
24.4,0.06,-0.43,9.81,2.79,0.29,-1.09,600,943.68,19.7
24.42,-0.39,-0.01,9.81,-2.88,-0.45,-3.74,600,943.68,19.11
24.44,0.24,0.16,9.81,1.5,-0.31,-1.35,600,943.68,19.88
24.46,-0.25,0.12,9.81,-0.11,-1.36,-5.06,600,943.68,19.28
24.48,-0.29,0.01,9.81,-1.97,1.28,3.73,600,943.68,19.52
24.5,0.55,-0.18,9.81,-0.17,-5.55,4.61,600,943.68,20.3
24.52,0.06,0.2,9.81,-0.61,1.52,-5.23,600,943.68,19.17
24.54,0.38,0.0,9.81,-1.74,4.66,-2.75,600,943.68,20.78
24.56,-0.01,0.27,9.81,3.43,2.53,-3.65,600,943.68,20.71
24.58,0.02,0.06,9.81,-1.9,0.64,-5.55,600,943.68,19.5
24.6,-0.06,-0.41,9.81,-1.18,1.26,-9.35,600,943.68,20.74
24.62,-0.28,0.12,9.81,-0.41,-0.41,-18.76,600,943.68,19.27
24.64,-0.14,0.24,9.81,-1.53,-1.25,-0.77,600,943.68,20.04
24.66,-0.28,0.1,9.81,0.44,0.02,-8.76,600,943.68,19.07
24.68,-0.02,-0.27,9.81,-0.14,-1.04,1.35,600,943.68,19.32
24.7,0.14,0.31,9.81,-2.14,2.67,-8.9,600,943.68,20.42
24.72,0.32,0.04,9.81,1.34,-1.57,2.31,600,943.68,20.59
24.74,0.07,0.01,9.81,-0.48,1.14,-9.02,600,943.68,19.46
24.76,-0.5,-0.11,9.81,0.17,0.29,4.03,600,943.68,19.96
24.78,-0.34,-0.04,9.81,-0.44,-1.42,2.76,600,943.68,19.85
24.8,-0.19,-0.05,9.81,-0.87,2.84,-4.31,600,943.68,19.82
24.82,-0.03,0.26,9.81,-1.39,-0.27,-1.64,600,943.68,19.61
24.84,-0.2,0.27,9.81,-1.72,-1.47,7.4,600,943.68,20.97
24.86,-0.06,-0.08,9.81,1.6,1.01,5.91,600,943.68,20.8
24.88,-0.17,-0.16,9.81,2.72,0.52,9.26,600,943.68,19.87
24.9,0.01,0.34,9.81,-0.48,0.36,2.53,600,943.68,19.81
24.92,-0.14,-0.26,9.81,-3.64,-1.62,-4.56,600,943.68,19.78
24.94,-0.35,0.25,9.81,1.39,-2.48,3.66,600,943.68,20.4
24.96,0.01,0.11,9.81,4.93,-0.02,-8.55,600,943.68,19.84
24.98,0.14,-0.34,9.81,2.34,-2.7,0.2,600,943.68,20.1
25.0,0.23,-0.21,9.81,-2.68,-1.86,-4.47,600,943.68,20.83
25.02,-0.06,-0.31,9.81,-1.02,2.16,-2.77,600,943.68,20.69
25.04,-0.27,-0.04,9.81,-0.18,-1.82,2.73,600,943.68,19.6
25.06,0.02,-0.09,9.81,-0.03,-2.0,-3.68,600,943.68,19.25
25.08,0.17,-0.1,9.81,-0.86,-0.09,2.23,600,943.68,20.0
25.1,0.08,0.06,9.81,0.91,0.25,-0.57,600,943.68,19.98
25.12,0.02,0.03,9.81,-0.73,-2.49,-0.29,600,943.68,19.19
25.14,0.04,-0.16,9.81,-4.96,-1.08,-3.95,600,943.68,19.07
25.16,0.21,-0.05,9.81,-1.06,-5.61,-4.55,600,943.68,19.8
25.18,-0.19,-0.16,9.81,4.07,5.51,1.96,600,943.68,19.68
25.2,0.09,0.03,9.81,-3.35,3.22,8.97,600,943.68,19.39
25.22,0.56,0.03,9.81,2.16,1.7,1.1,600,943.68,20.01
25.24,0.2,-0.09,9.81,-0.38,3.64,2.23,600,943.68,20.28
25.26,-0.17,0.08,9.81,7.59,3.41,10.45,600,943.68,20.91
25.28,-0.05,0.14,9.81,-0.91,0.63,0.93,600,943.68,19.47
25.3,-0.11,-0.28,9.81,0.46,-0.4,-0.15,600,943.68,20.48
25.32,-0.33,-0.0,9.81,0.16,0.77,-0.67,600,943.68,20.03
25.34,-0.02,-0.16,9.81,-2.42,-0.48,-2.11,600,943.68,19.52
25.36,-0.24,0.02,9.81,4.97,1.41,-8.6,600,943.68,20.26
25.38,0.15,-0.13,9.81,0.72,3.84,-5.73,600,943.68,19.92
25.4,0.05,-0.01,9.81,3.5,1.88,2.04,600,943.68,19.0
25.42,-0.02,0.3,9.81,-1.76,1.8,-5.06,600,943.68,20.03
25.44,0.34,0.18,9.81,2.55,1.8,1.77,600,943.68,20.8
25.46,0.1,-0.19,9.81,-0.3,-1.98,1.79,600,943.68,20.09
25.48,0.14,-0.16,9.81,0.52,1.16,-2.09,600,943.68,20.24
25.5,0.06,0.09,9.81,-2.55,0.7,1.18,600,943.68,19.08
25.52,-0.24,-0.13,9.81,-0.41,-2.0,-10.37,600,943.68,20.26
25.54,0.11,0.03,9.81,-0.02,-0.09,-5.17,600,943.68,19.25
25.56,-0.06,0.19,9.81,1.1,-2.16,5.21,600,943.68,20.47
25.58,0.25,-0.16,9.81,2.16,2.79,-0.41,600,943.68,19.39
25.6,0.44,0.01,9.81,-3.03,-0.29,-2.57,600,943.68,19.37
25.62,0.09,0.06,9.81,-0.67,-1.56,11.79,600,943.68,19.24
25.64,0.19,0.48,9.81,2.28,0.98,-7.92,600,943.68,20.76
25.66,0.16,0.19,9.81,-4.6,0.44,-4.07,600,943.68,20.68
25.68,-0.03,-0.29,9.81,-4.51,4.7,-6.33,600,943.68,20.26
25.7,0.28,-0.38,9.81,-1.78,-0.41,0.36,600,943.68,19.54
25.72,0.14,-0.06,9.81,1.73,-4.2,10.17,600,943.68,19.44
25.74,-0.05,0.2,9.81,-1.39,-1.85,-10.63,600,943.68,19.07
25.76,-0.13,-0.08,9.81,-2.76,4.38,-3.41,600,943.68,19.83
25.78,0.25,0.04,9.81,2.59,2.14,-6.95,600,943.68,19.88
25.8,0.04,-0.08,9.81,1.48,2.16,4.1,600,943.68,19.78
25.82,0.17,0.26,9.81,1.56,1.58,-3.09,600,943.68,19.33
25.84,-0.3,-0.17,9.81,0.1,3.75,-6.59,600,943.68,20.86
25.86,0.06,0.14,9.81,0.28,1.41,-4.23,600,943.68,19.09
25.88,0.02,0.13,9.81,-2.87,4.27,8.56,600,943.68,19.26
25.9,0.13,0.47,9.81,-2.05,0.94,4.25,600,943.68,19.78
25.92,0.19,-0.27,9.81,-1.54,-0.01,-8.73,600,943.68,19.44
25.94,0.37,0.16,9.81,2.08,-1.0,5.66,600,943.68,20.22
25.96,-0.03,0.09,9.81,0.82,-0.79,-3.12,600,943.68,20.41
25.98,-0.07,-0.14,9.81,0.83,0.66,3.52,600,943.68,20.45
26.0,-0.01,-0.05,9.81,-0.18,-2.84,-1.05,600,943.68,19.25
26.02,0.04,0.01,9.81,1.67,1.6,2.84,600,943.68,19.69
26.04,0.29,0.07,9.81,-0.64,-1.48,-3.86,600,943.68,20.24
26.06,-0.12,0.04,9.81,-1.06,0.42,-4.4,600,943.68,20.45
26.08,-0.08,-0.17,9.81,0.7,2.19,-1.63,600,943.68,20.02
26.1,-0.07,-0.32,9.81,-1.62,-0.91,2.17,600,943.68,20.03
26.12,-0.18,0.15,9.81,-0.56,-1.71,8.97,600,943.68,19.05
26.14,-0.14,0.24,9.81,0.3,1.16,0.87,600,943.68,19.5
26.16,-0.2,-0.05,9.81,-1.4,0.13,-2.18,600,943.68,20.39
26.18,0.23,0.14,9.81,0.63,2.65,8.76,600,943.68,20.43
26.2,-0.06,-0.22,9.81,-0.64,4.34,-0.6,600,943.68,20.22
26.22,-0.08,-0.16,9.81,0.92,0.09,-0.74,600,943.68,19.83
26.24,0.26,-0.29,9.81,0.58,-0.31,5.7,600,943.68,20.88
26.26,-0.17,-0.35,9.81,1.17,0.3,-0.76,600,943.68,20.49
26.28,0.2,0.49,9.81,2.92,2.86,5.22,600,943.68,20.83
26.3,0.09,-0.11,9.81,3.33,-0.24,3.67,600,943.68,19.38
26.32,0.05,0.07,9.81,-0.86,-1.67,3.05,600,943.68,20.17
26.34,0.21,-0.04,9.81,-0.49,0.23,1.03,600,943.68,20.93
26.36,-0.2,0.12,9.81,-1.47,-1.73,-13.79,600,943.68,20.9
26.38,-0.03,-0.11,9.81,2.04,3.13,-2.58,600,943.68,20.91
26.4,-0.03,-0.02,9.81,-0.72,4.75,1.25,600,943.68,20.29
26.42,-0.24,-0.01,9.81,-0.99,0.24,7.81,600,943.68,20.49
26.44,0.27,0.17,9.81,1.37,0.02,3.32,600,943.68,20.58
26.46,-0.1,-0.1,9.81,-5.96,3.35,0.35,600,943.68,19.65
26.48,0.06,-0.15,9.81,-0.9,0.22,-7.74,600,943.68,20.22
26.5,-0.41,-0.11,9.81,-0.74,1.04,-4.04,600,943.68,20.68
26.52,0.02,0.08,9.81,0.16,3.12,0.82,600,943.68,20.1
26.54,-0.09,0.17,9.81,-0.12,-0.24,2.12,600,943.68,20.7
26.56,0.18,-0.16,9.81,-1.62,0.69,6.48,600,943.68,20.0
26.58,-0.14,0.14,9.81,-3.12,-1.46,-2.76,600,943.68,20.1
26.6,0.33,0.14,9.81,-0.05,2.65,-1.37,600,943.68,20.98
26.62,-0.37,0.09,9.81,-0.8,0.78,-1.61,600,943.68,19.18
26.64,-0.26,-0.25,9.81,0.79,-1.03,-1.89,600,943.68,19.53
26.66,0.3,-0.27,9.81,1.97,1.48,1.24,600,943.68,19.82
26.68,0.28,0.18,9.81,4.11,1.66,4.34,600,943.68,20.23
26.7,0.05,0.37,9.81,-0.93,-0.12,3.42,600,943.68,20.24
26.72,0.06,-0.14,9.81,0.05,-0.13,-1.77,600,943.68,19.66
26.74,0.14,0.34,9.81,2.95,3.15,-2.95,600,943.68,19.67
26.76,0.29,-0.17,9.81,-0.56,-0.93,0.81,600,943.68,19.24
26.78,-0.06,0.06,9.81,-0.87,-0.46,-4.4,600,943.68,20.18
26.8,-0.21,-0.07,9.81,-0.8,1.84,-0.78,600,943.68,20.61
26.82,-0.19,-0.26,9.81,-1.35,0.25,2.29,600,943.68,20.69
26.84,-0.15,0.01,9.81,2.23,2.0,2.22,600,943.68,19.06
26.86,0.59,0.04,9.81,1.84,0.94,0.89,600,943.68,20.56
26.88,0.07,-0.11,9.81,0.31,-1.52,0.95,600,943.68,20.91
26.9,0.2,-0.16,9.81,-1.06,0.68,6.3,600,943.68,20.47
26.92,-0.26,-0.05,9.81,3.73,4.57,1.35,600,943.68,19.49
26.94,0.0,-0.07,9.81,-2.0,1.25,5.01,600,943.68,19.42
26.96,0.07,-0.21,9.81,1.75,1.75,-3.06,600,943.68,20.27
26.98,-0.05,0.15,9.81,-0.66,0.58,2.78,600,943.68,19.82
27.0,0.12,0.44,9.81,-1.2,-0.83,7.75,600,943.68,20.58
27.02,-0.22,-0.13,9.81,-0.62,2.19,8.65,600,943.68,20.39
27.04,0.42,0.2,9.81,-3.15,0.7,-2.13,600,943.68,19.94
27.06,0.0,0.28,9.81,-1.16,1.91,4.83,600,943.68,19.94
27.08,-0.06,0.13,9.81,-0.31,1.68,5.8,600,943.68,19.02
27.1,-0.35,-0.23,9.81,-0.84,-2.8,4.2,600,943.68,19.82
27.12,-0.09,-0.27,9.81,-0.46,-2.91,-8.51,600,943.68,20.99
27.14,-0.1,-0.11,9.81,0.82,0.26,2.65,600,943.68,19.98
27.16,0.27,0.18,9.81,-3.95,2.73,1.81,600,943.68,20.77
27.18,0.22,-0.38,9.81,1.3,-0.45,-6.23,600,943.68,19.34
27.2,0.08,0.09,9.81,2.5,3.67,2.73,600,943.68,19.54
27.22,0.13,0.11,9.81,-1.5,-0.98,3.63,600,943.68,20.85
27.24,0.19,0.15,9.81,1.13,1.81,4.78,600,943.68,19.82
27.26,-0.01,-0.13,9.81,-1.28,0.49,-5.23,600,943.68,19.92
27.28,-0.22,-0.13,9.81,0.75,-1.56,-2.56,600,943.68,19.7
27.3,0.03,0.52,9.81,-2.19,-0.22,-1.74,600,943.68,20.43
27.32,-0.03,-0.25,9.81,-0.35,-1.97,9.9,600,943.68,20.74
27.34,-0.34,-0.32,9.81,0.31,0.3,13.32,600,943.68,20.73
27.36,0.06,0.09,9.81,-0.15,-1.09,0.53,600,943.68,19.39
27.38,0.06,0.26,9.81,0.7,0.09,-0.0,600,943.68,20.79
27.4,0.09,0.1,9.81,-1.46,-0.83,2.96,600,943.68,20.12
27.42,-0.11,-0.03,9.81,0.17,-0.46,-3.23,600,943.68,19.02
27.44,0.34,0.11,9.81,-2.51,-0.92,-2.8,600,943.68,20.62
27.46,0.26,-0.02,9.81,-1.87,2.5,-4.44,600,943.68,20.86
27.48,0.18,-0.26,9.81,-1.25,-2.37,-0.84,600,943.68,20.31
27.5,0.27,-0.05,9.81,-2.24,-2.31,-1.7,600,943.68,20.91
27.52,0.12,0.25,9.81,3.5,2.21,1.15,600,943.68,20.34
27.54,0.11,-0.2,9.81,-0.42,-3.35,-1.0,600,943.68,20.64
27.56,0.04,0.29,9.81,2.77,-1.14,0.99,600,943.68,20.78
27.58,-0.16,0.04,9.81,0.82,-2.66,-0.64,600,943.68,20.16
27.6,-0.11,-0.03,9.81,2.81,1.64,8.69,600,943.68,20.22
27.62,0.23,-0.49,9.81,-1.32,-0.09,0.57,600,943.68,20.82
27.64,0.27,-0.18,9.81,3.22,-2.16,-8.88,600,943.68,19.45
27.66,0.25,-0.25,9.81,1.35,1.95,2.53,600,943.68,19.92
27.68,0.04,0.27,9.81,3.73,0.81,2.18,600,943.68,19.01
27.7,0.08,0.09,9.81,-1.63,0.64,1.94,600,943.68,20.52
27.72,-0.02,0.07,9.81,-2.9,2.67,-3.03,600,943.68,20.33
27.74,-0.26,-0.11,9.81,-4.22,-0.54,-7.46,600,943.68,19.2
27.76,0.24,0.01,9.81,3.05,-3.75,-1.54,600,943.68,20.92
27.78,0.28,0.39,9.81,-2.75,-0.84,1.86,600,943.68,19.68
27.8,-0.24,0.03,9.81,1.67,-1.71,-2.62,600,943.68,19.64
27.82,-0.09,0.3,9.81,3.73,1.65,-2.41,600,943.68,19.04
27.84,0.04,0.09,9.81,-0.27,2.7,-0.73,600,943.68,19.62
27.86,0.29,0.29,9.81,-0.52,-2.01,1.0,600,943.68,19.05
27.88,0.05,0.06,9.81,-1.93,0.8,3.3,600,943.68,20.96
27.9,-0.12,-0.13,9.81,-3.33,-0.15,-2.51,600,943.68,20.25
27.92,-0.03,-0.09,9.81,-2.39,1.42,-7.01,600,943.68,19.25
27.94,-0.16,-0.14,9.81,-2.01,0.38,-1.22,600,943.68,19.93
27.96,-0.27,0.18,9.81,0.21,-2.14,-4.05,600,943.68,19.02
27.98,0.04,0.06,9.81,2.05,-5.84,-1.21,600,943.68,19.87
28.0,-0.03,-0.22,9.81,-1.13,2.7,-2.27,600,943.68,19.85
28.02,0.02,0.25,9.81,-0.02,1.28,-4.8,600,943.68,19.62
28.04,0.01,0.05,9.81,-0.25,-0.64,-1.2,600,943.68,19.74
28.06,0.08,-0.08,9.81,-0.19,0.5,7.98,600,943.68,19.25
28.08,0.06,-0.25,9.81,1.06,0.53,-0.76,600,943.68,20.37
28.1,-0.46,-0.2,9.81,-2.75,-2.67,-7.5,600,943.68,19.02
28.12,-0.06,0.31,9.81,2.56,0.22,-0.17,600,943.68,20.07
28.14,0.03,0.03,9.81,1.78,-1.56,-1.07,600,943.68,20.02
28.16,-0.33,-0.22,9.81,1.7,-1.75,0.01,600,943.68,19.75
28.18,-0.04,0.12,9.81,4.7,-3.01,5.43,600,943.68,20.74
28.2,0.14,-0.05,9.81,1.43,4.26,-1.66,600,943.68,19.82
28.22,-0.19,-0.04,9.81,1.35,0.37,-1.27,600,943.68,20.97
28.24,0.02,0.11,9.81,-0.23,-2.26,-5.23,600,943.68,19.93
28.26,-0.1,-0.07,9.81,2.61,-2.21,10.28,600,943.68,19.08
28.28,0.17,-0.14,9.81,0.97,0.22,4.99,600,943.68,20.34
28.3,-0.12,0.36,9.81,0.47,-1.65,-0.58,600,943.68,20.23
28.32,0.5,-0.54,9.81,1.93,0.35,4.68,600,943.68,19.3
28.34,0.15,0.2,9.81,-3.53,-2.31,2.64,600,943.68,19.92
28.36,0.2,0.08,9.81,0.32,3.69,0.49,600,943.68,20.19
28.38,-0.28,-0.39,9.81,4.09,-1.25,6.7,600,943.68,20.59
28.4,-0.32,0.17,9.81,0.95,2.39,-1.6,600,943.68,19.7
28.42,0.42,0.19,9.81,-2.62,-1.63,-6.77,600,943.68,19.57
28.44,0.1,0.03,9.81,-0.13,-0.83,2.24,600,943.68,19.86
28.46,-0.04,0.15,9.81,-1.6,-3.36,-8.33,600,943.68,20.19
28.48,-0.03,-0.03,9.81,1.83,3.05,6.73,600,943.68,19.2
28.5,-0.25,-0.04,9.81,1.17,2.19,5.0,600,943.68,20.44
28.52,-0.06,-0.13,9.81,0.31,-2.47,0.71,600,943.68,20.96
28.54,0.25,0.13,9.81,1.05,-1.53,-13.07,600,943.68,19.15
28.56,0.05,-0.08,9.81,-0.46,-0.91,-3.92,600,943.68,20.25
28.58,0.15,-0.01,9.81,1.6,-3.41,-1.64,600,943.68,20.69
28.6,-0.1,-0.08,9.81,-1.58,-2.93,-5.09,600,943.68,20.41
28.62,-0.46,-0.05,9.81,0.79,-0.51,5.47,600,943.68,19.83
28.64,0.13,0.03,9.81,-0.45,4.23,-7.02,600,943.68,20.56
28.66,0.19,-0.11,9.81,2.24,0.34,3.09,600,943.68,19.39
28.68,0.38,0.28,9.81,-1.08,1.15,-4.68,600,943.68,19.29
28.7,0.03,-0.32,9.81,1.74,-1.99,-4.03,600,943.68,19.55
28.72,0.15,0.14,9.81,1.94,-0.48,0.76,600,943.68,19.7
28.74,0.1,-0.05,9.81,0.94,2.15,-3.41,600,943.68,20.78
28.76,0.25,0.12,9.81,-2.12,-3.42,0.66,600,943.68,20.27
28.78,-0.03,0.08,9.81,3.66,-3.13,-4.92,600,943.68,20.03
28.8,0.41,-0.09,9.81,-2.53,-2.5,-9.13,600,943.68,20.97
28.82,0.42,-0.36,9.81,-0.5,-1.36,-5.72,600,943.68,19.34
28.84,-0.13,0.01,9.81,-1.46,0.55,-0.47,600,943.68,20.28
28.86,0.34,-0.24,9.81,1.98,0.05,5.03,600,943.68,20.06
28.88,0.19,0.01,9.81,-1.67,0.78,-0.96,600,943.68,20.94
28.9,-0.15,-0.02,9.81,-0.27,0.82,-0.93,600,943.68,19.17
28.92,-0.1,0.05,9.81,0.3,-0.88,0.87,600,943.68,20.92
28.94,0.15,-0.14,9.81,-0.15,1.86,-1.28,600,943.68,19.49
28.96,-0.14,0.16,9.81,-2.04,-1.52,5.08,600,943.68,19.45
28.98,0.24,0.2,9.81,0.7,-1.73,-1.57,600,943.68,20.04
29.0,-0.02,-0.01,9.81,1.96,-3.42,-1.81,600,943.68,19.48
29.02,0.13,-0.28,9.81,1.66,-3.65,5.6,600,943.68,19.23
29.04,0.42,0.18,9.81,0.44,-2.38,-2.79,600,943.68,20.34
29.06,0.22,0.21,9.81,-4.11,-0.02,-6.66,600,943.68,20.44
29.08,-0.42,0.05,9.81,-2.32,-1.29,5.91,600,943.68,19.23
29.1,0.33,-0.2,9.81,-2.58,3.15,-0.52,600,943.68,20.52
29.12,0.01,0.04,9.81,0.27,0.3,0.23,600,943.68,20.78
29.14,-0.21,-0.31,9.81,2.21,-1.55,0.52,600,943.68,20.2
29.16,0.3,-0.02,9.81,0.89,1.94,-8.87,600,943.68,19.44
29.18,0.14,0.14,9.81,0.38,-1.67,9.46,600,943.68,20.1
29.2,-0.11,-0.06,9.81,0.84,-1.46,-4.85,600,943.68,19.52
29.22,-0.16,0.27,9.81,0.56,-2.98,-0.66,600,943.68,20.88
29.24,0.21,0.14,9.81,-1.06,0.9,0.21,600,943.68,20.46
29.26,0.01,0.15,9.81,-3.74,-0.1,-3.6,600,943.68,19.67
29.28,-0.27,-0.26,9.81,2.23,1.03,-3.6,600,943.68,20.93
29.3,0.22,0.54,9.81,1.17,0.54,1.13,600,943.68,20.28
29.32,-0.16,-0.14,9.81,-2.5,-1.43,-11.72,600,943.68,19.9
29.34,0.25,0.35,9.81,-0.19,-0.88,1.18,600,943.68,19.44
29.36,-0.1,0.04,9.81,1.97,1.73,8.07,600,943.68,20.1
29.38,0.3,-0.01,9.81,2.22,-1.68,-2.49,600,943.68,19.05
29.4,-0.32,0.15,9.81,-1.71,-1.78,-13.9,600,943.68,20.81
29.42,-0.08,-0.01,9.81,0.53,2.49,-1.82,600,943.68,19.09
29.44,0.11,-0.01,9.81,-1.98,1.72,3.01,600,943.68,19.38
29.46,0.14,-0.14,9.81,-1.46,1.09,-4.42,600,943.68,20.85
29.48,-0.02,-0.34,9.81,0.3,0.63,1.2,600,943.68,19.22
29.5,0.11,-0.15,9.81,-3.39,-0.08,8.1,600,943.68,20.72
29.52,0.18,0.2,9.81,-3.64,-3.25,-3.18,600,943.68,20.46
29.54,0.04,0.29,9.81,-0.3,2.05,2.47,600,943.68,20.29
29.56,0.26,0.26,9.81,0.17,0.28,3.45,600,943.68,20.0
29.58,0.13,0.2,9.81,-1.47,-1.67,-3.56,600,943.68,20.81
29.6,0.13,-0.5,9.81,-0.02,-0.74,5.44,600,943.68,20.94
29.62,0.13,-0.05,9.81,-2.23,-3.41,-1.88,600,943.68,20.89
29.64,0.29,-0.2,9.81,-0.42,-2.63,4.0,600,943.68,20.88
29.66,-0.56,-0.53,9.81,3.52,2.25,4.08,600,943.68,19.25
29.68,0.3,-0.01,9.81,1.11,2.15,1.47,600,943.68,19.14
29.7,0.31,-0.14,9.81,-0.4,-3.16,-11.65,600,943.68,20.86
29.72,0.2,-0.1,9.81,-0.39,-2.09,0.6,600,943.68,19.43
29.74,0.0,0.23,9.81,-0.76,3.76,-0.89,600,943.68,19.26
29.76,-0.17,0.04,9.81,-1.19,0.38,-3.55,600,943.68,20.05
29.78,-0.2,-0.13,9.81,2.21,1.08,-1.62,600,943.68,19.82
29.8,-0.09,0.06,9.81,0.51,-0.7,3.42,600,943.68,20.3
29.82,0.09,-0.26,9.81,-1.43,1.4,1.47,600,943.68,20.78
29.84,0.02,-0.33,9.81,-2.57,2.04,1.82,600,943.68,20.82
29.86,-0.19,-0.25,9.81,0.1,-3.77,3.03,600,943.68,19.6
29.88,-0.0,-0.23,9.81,0.76,-2.62,-5.29,600,943.68,20.25
29.9,-0.06,-0.07,9.81,-2.64,-0.94,2.14,600,943.68,19.84
29.92,-0.16,-0.62,9.81,0.72,0.78,-5.35,600,943.68,19.22
29.94,-0.14,0.16,9.81,3.71,-2.91,3.54,600,943.68,20.62
29.96,0.08,0.11,9.81,-1.33,-2.25,2.13,600,943.68,19.08
29.98,-0.45,-0.43,9.81,-0.77,1.97,-3.42,600,943.68,19.27
